DATA_ID,STUDY_ID,AI_NAME,AI_50,AI_50_TYPE,AI_ERROR_LOWER,AI_ERROR_HIGHER,AI_ERROR_TYPE,AI_N_CONTAINER,AI_N_INDIVIDUALS_PER_CONTAINER,AI_N_STRUCTURE,FORM_NAME,FORM_50,FORM_50_TYPE,FORM_ERROR_LOWER,FORM_ERROR_HIGHER,FORM_ERROR_TYPE,FORM_N_CONTAINER,FORM_N_INDIVIDUALS_PER_CONTAINER,FORM_N_STRUCTURE,CI_METHOD,CONTROL_GROUP,TEST_GROUP,MULTIPLE_MEASUREMENT,MULTIPLE_TYPE,SPECIES_NAME_BINOMIAL,SPECIES_NAME_COMMON,STRAIN_CLONE_SOURCE,SPECIES_CLASS,SPECIES_PHYLUM,SPECIES_KINGDOM,ECOSYSTEM,LIFE_STAGE,EXPOSURE_DURATION_HOURS,PESTICIDE_CLASS,NANO_FORMULATION,BIO_FORMULATION,SEX,EXPOSURE_ROUTE,ACUTE_CHRONIC_TOXICITY,TEMPERATURE_°C,PH,FEEDING_STATE,AGE_TEST_ORGANISM_HOURS,REGULATORY_STANDARDISED_GUIDELINES_FOLLOWED,GUIDELINES,WATER_HARDNESS_mg_L_Ca_CO3,SE_SIMULATION_REQUIRED,FORMULATION_TYPE,FORMULATION_EXPRESSED_IN_AI_CONC,FORMULATION_VALUE_ADJUSTED,YEAR_PUBLISHED,NOTES
1,120,Lambda‐cyhalothrin,469.9,LC50,117.8,117.8,SE,4,10,"10 larvae/dish, 4 replicates",Zero ® (5% LCT),655.5,LC50,25.8,25.8,SE,4,10,"10 larvae/dish, 4 replicates",Logistic,120_ai_a,120_form_a,120_1,1,Boana pulchella,Montevideo tree frog ,"El Pescado stream, Argentina",Amphibia,Chordata,Animalia,Aquatic/Terrestrial,Larvae,96,Insecticide,NO,NO,NA,Environmental,Acute,25,8,No feeding,Stage 25,NO,NA,120,NO,Emulsifiable concentrate ,YES,NA,2024,"Didn't found information on the type of formulation, even after quick search on Internet"
2,247,Chlorpyrifos,108,LC50,14,14,CI_95,3,5,"5 fish/aquarium, 3 replicates",Dursban ®,55,LC50,14,16,CI_95,3,5,"5 fish/aquarium, 3 replicates",Probit,247_ai_a,247_form_a,247_1,1,Labeo rohita,Rohu,"Fish farm, Naihati, India",Actinopterygii,Chordata,Animalia,Aquatic,Fingerling,24,Insecticide,NO,NO,NA,Environmental,Acute,29,7.3,No feeding,NA,YES,APHA,137.24,NO,Emulsifiable concentrate ,YES,NA,2024,
3,247,Chlorpyrifos,89,LC50,14,15,CI_95,3,5,"5 fish/aquarium, 3 replicates",Dursban ®,47,LC50,15,17,CI_95,3,5,"5 fish/aquarium, 3 replicates",Probit,247_ai_a,247_form_a,247_1,1,Labeo rohita,Rohu,"Fish farm, Naihati, India",Actinopterygii,Chordata,Animalia,Aquatic,Fingerling,48,Insecticide,NO,NO,NA,Environmental,Acute,29,7.3,No feeding,NA,YES,APHA,137.24,NO,Emulsifiable concentrate ,YES,NA,2024,
4,247,Chlorpyrifos,75,LC50,14,16,CI_95,3,5,"5 fish/aquarium, 3 replicates",Dursban ®,36,LC50,11,14,CI_95,3,5,"5 fish/aquarium, 3 replicates",Probit,247_ai_a,247_form_a,247_1,1,Labeo rohita,Rohu,"Fish farm, Naihati, India",Actinopterygii,Chordata,Animalia,Aquatic,Fingerling,72,Insecticide,NO,NO,NA,Environmental,Acute,29,7.3,No feeding,NA,YES,APHA,137.24,NO,Emulsifiable concentrate ,YES,NA,2024,
5,247,Chlorpyrifos,68,LC50,8,14,CI_95,3,5,"5 fish/aquarium, 3 replicates",Dursban ®,36,LC50,12,14,CI_95,3,5,"5 fish/aquarium, 3 replicates",Probit,247_ai_a,247_form_a,247_1,1,Labeo rohita,Rohu,"Fish farm, Naihati, India",Actinopterygii,Chordata,Animalia,Aquatic,Fingerling,96,Insecticide,NO,NO,NA,Environmental,Acute,29,7.3,No feeding,NA,YES,APHA,137.24,NO,Emulsifiable concentrate ,YES,NA,2024,
6,247,Chlorpyrifos,155,LC50,19,21,CI_95,3,5,"5 fish/aquarium, 3 replicates",Dursban ®,82,LC50,14,14,CI_95,3,5,"5 fish/aquarium, 3 replicates",Probit,247_ai_e,247_form_e,247_2,1,Mystus vittatus,Striped dwarf catfish ,"Fish farm, Naihati, India",Actinopterygii,Chordata,Animalia,Aquatic,Fingerling,24,Insecticide,NO,NO,NA,Environmental,Acute,29,7.3,No feeding,NA,YES,APHA,137.24,NO,Emulsifiable concentrate ,YES,NA,2024,
7,247,Chlorpyrifos,147,LC50,18,18,CI_95,3,5,"5 fish/aquarium, 3 replicates",Dursban ®,77,LC50,13,13,CI_95,3,5,"5 fish/aquarium, 3 replicates",Probit,247_ai_e,247_form_e,247_2,1,Mystus vittatus,Striped dwarf catfish ,"Fish farm, Naihati, India",Actinopterygii,Chordata,Animalia,Aquatic,Fingerling,48,Insecticide,NO,NO,NA,Environmental,Acute,29,7.3,No feeding,NA,YES,APHA,137.24,NO,Emulsifiable concentrate ,YES,NA,2024,
8,247,Chlorpyrifos,128,LC50,20,23,CI_95,3,5,"5 fish/aquarium, 3 replicates",Dursban ®,68,LC50,15,16,CI_95,3,5,"5 fish/aquarium, 3 replicates",Probit,247_ai_e,247_form_e,247_2,1,Mystus vittatus,Striped dwarf catfish ,"Fish farm, Naihati, India",Actinopterygii,Chordata,Animalia,Aquatic,Fingerling,72,Insecticide,NO,NO,NA,Environmental,Acute,29,7.3,No feeding,NA,YES,APHA,137.24,NO,Emulsifiable concentrate ,YES,NA,2024,
9,247,Chlorpyrifos,120,LC50,19,20,CI_95,3,5,"5 fish/aquarium, 3 replicates",Dursban ®,62,LC50,13,15,CI_95,3,5,"5 fish/aquarium, 3 replicates",Probit,247_ai_e,247_form_e,247_2,1,Mystus vittatus,Striped dwarf catfish ,"Fish farm, Naihati, India",Actinopterygii,Chordata,Animalia,Aquatic,Fingerling,96,Insecticide,NO,NO,NA,Environmental,Acute,29,7.3,No feeding,NA,YES,APHA,137.24,NO,Emulsifiable concentrate ,YES,NA,2024,
10,130,Chlorpyrifos,135.34,LC50,18.277,19.706,CI_95,3,5,"5 individuals/becher, 3 replicates",Dursban ®,71.761,LC50,8.565,8.97,CI_95,3,5,"5 individuals/becher, 3 replicates",Probit,130_ai_a,130_form_a,130_1,1,Duttaphrynus melanostictus  ,Asian common toad,"Pond in Kalyani, Nadia district, West Bengal, India",Amphibia,Chordata,Animalia,Aquatic/Terrestrial,Tadpoles,24,Insecticide,NO,NO,NA,Environmental,Acute,29.5,7.4,No feeding,NA,YES,APHA,237.33,NO,Emulsifiable concentrate ,YES,NA,2024,Extracted values from the suplementary material and not the figure
11,130,Chlorpyrifos,126.205,LC50,15.585,17.622,CI_95,3,5,"5 individuals/becher, 3 replicates",Dursban ®,64.112,LC50,8.852,9.717,CI_95,3,5,"5 individuals/becher, 3 replicates",Probit,130_ai_a,130_form_a,130_1,1,Duttaphrynus melanostictus  ,Asian common toad,"Pond in Kalyani, Nadia district, West Bengal, India",Amphibia,Chordata,Animalia,Aquatic/Terrestrial,Tadpoles,48,Insecticide,NO,NO,NA,Environmental,Acute,29.5,7.4,No feeding,NA,YES,APHA,237.33,NO,Emulsifiable concentrate ,YES,NA,2024,Extracted values from the suplementary material and not the figure
12,130,Chlorpyrifos,118.507,LC50,14.139,15.955,CI_95,3,5,"5 individuals/becher, 3 replicates",Dursban ®,55.224,LC50,10.356,11.467,CI_95,3,5,"5 individuals/becher, 3 replicates",Probit,130_ai_a,130_form_a,130_1,1,Duttaphrynus melanostictus  ,Asian common toad,"Pond in Kalyani, Nadia district, West Bengal, India",Amphibia,Chordata,Animalia,Aquatic/Terrestrial,Tadpoles,72,Insecticide,NO,NO,NA,Environmental,Acute,29.5,7.4,No feeding,NA,YES,APHA,237.33,NO,Emulsifiable concentrate ,YES,NA,2024,Extracted values from the suplementary material and not the figure
13,130,Chlorpyrifos,101.828,LC50,15.027,17.892,CI_95,3,5,"5 individuals/becher, 3 replicates",Dursban ®,52.568,LC50,9.992,11.012,CI_95,3,5,"5 individuals/becher, 3 replicates",Probit,130_ai_a,130_form_a,130_1,1,Duttaphrynus melanostictus  ,Asian common toad,"Pond in Kalyani, Nadia district, West Bengal, India",Amphibia,Chordata,Animalia,Aquatic/Terrestrial,Tadpoles,96,Insecticide,NO,NO,NA,Environmental,Acute,29.5,7.4,No feeding,NA,YES,APHA,237.33,NO,Emulsifiable concentrate ,YES,NA,2024,Extracted values from the suplementary material and not the figure
14,130,Chlorpyrifos,464.97,LC50,68.609,68.509,CI_95,3,10,"10 individuals/becher, 3 replicates",Dursban ®,179.594,LC50,14.798,15.228,CI_95,3,10,"10 individuals/becher, 3 replicates",Probit,130_ai_e,130_form_e,130_2,1,Branchiura sowerbyi,NA,"Aquarium shop in Kalyani, Nadia district, West Bengal, India",Clitellata,Annelida,Animalia,Aquatic,Mature,24,Insecticide,NO,NO,NA,Environmental,Acute,29.5,7.4,No feeding,NA,YES,APHA,237.33,NO,Emulsifiable concentrate ,YES,NA,2024,Extracted values from the suplementary material and not the figure
15,130,Chlorpyrifos,442.521,LC50,65.405,65.493,CI_95,3,10,"10 individuals/becher, 3 replicates",Dursban ®,161.583,LC50,12.678,12.598,CI_95,3,10,"10 individuals/becher, 3 replicates",Probit,130_ai_e,130_form_e,130_2,1,Branchiura sowerbyi,NA,"Aquarium shop in Kalyani, Nadia district, West Bengal, India",Clitellata,Annelida,Animalia,Aquatic,Mature,48,Insecticide,NO,NO,NA,Environmental,Acute,29.5,7.4,No feeding,NA,YES,APHA,237.33,NO,Emulsifiable concentrate ,YES,NA,2024,Extracted values from the suplementary material and not the figure
16,130,Chlorpyrifos,371.956,LC50,62.584,63.496,CI_95,3,10,"10 individuals/becher, 3 replicates",Dursban ®,148.931,LC50,12.585,12.603,CI_95,3,10,"10 individuals/becher, 3 replicates",Probit,130_ai_e,130_form_e,130_2,1,Branchiura sowerbyi,NA,"Aquarium shop in Kalyani, Nadia district, West Bengal, India",Clitellata,Annelida,Animalia,Aquatic,Mature,72,Insecticide,NO,NO,NA,Environmental,Acute,29.5,7.4,No feeding,NA,YES,APHA,237.33,NO,Emulsifiable concentrate ,YES,NA,2024,Extracted values from the suplementary material and not the figure
17,130,Chlorpyrifos,303.675,LC50,57.964,59.325,CI_95,3,10,"10 individuals/becher, 3 replicates",Dursban ®,135.026,LC50,12.592,12.701,CI_95,3,10,"10 individuals/becher, 3 replicates",Probit,130_ai_e,130_form_e,130_2,1,Branchiura sowerbyi,NA,"Aquarium shop in Kalyani, Nadia district, West Bengal, India",Clitellata,Annelida,Animalia,Aquatic,Mature,96,Insecticide,NO,NO,NA,Environmental,Acute,29.5,7.4,No feeding,NA,YES,APHA,237.33,NO,Emulsifiable concentrate ,YES,NA,2024,Extracted values from the suplementary material and not the figure
18,130,Chlorpyrifos,1881.733,LC50,241.442,243.842,CI_95,3,5,"5 individuals/aquarium, 3 replicates",Dursban ®,853.182,LC50,120.737,123.81,CI_95,3,5,"5 individuals/aquarium, 3 replicates",Probit,130_ai_i,130_form_i,130_3,1,Pila globosa,NA,"Pond in Kalyani, Nadia district, West Bengal, India",Gastropoda,Mollusca,Animalia,Aquatic,Medium sized,24,Insecticide,NO,NO,NA,Environmental,Acute,29.5,7.4,No feeding,NA,YES,APHA,237.33,NO,Emulsifiable concentrate ,YES,NA,2024,Extracted values from the suplementary material and not the figure
19,130,Chlorpyrifos,1801.424,LC50,241.917,240.663,CI_95,3,5,"5 individuals/aquarium, 3 replicates",Dursban ®,685.961,LC50,109.281,113.73,CI_95,3,5,"5 individuals/aquarium, 3 replicates",Probit,130_ai_i,130_form_i,130_3,1,Pila globosa,NA,"Pond in Kalyani, Nadia district, West Bengal, India",Gastropoda,Mollusca,Animalia,Aquatic,Medium sized,48,Insecticide,NO,NO,NA,Environmental,Acute,29.5,7.4,No feeding,NA,YES,APHA,237.33,NO,Emulsifiable concentrate ,YES,NA,2024,Extracted values from the suplementary material and not the figure
20,130,Chlorpyrifos,1620.388,LC50,262.94,273.677,CI_95,3,5,"5 individuals/aquarium, 3 replicates",Dursban ®,650.577,LC50,104.041,109.747,CI_95,3,5,"5 individuals/aquarium, 3 replicates",Probit,130_ai_i,130_form_i,130_3,1,Pila globosa,NA,"Pond in Kalyani, Nadia district, West Bengal, India",Gastropoda,Mollusca,Animalia,Aquatic,Medium sized,72,Insecticide,NO,NO,NA,Environmental,Acute,29.5,7.4,No feeding,NA,YES,APHA,237.33,NO,Emulsifiable concentrate ,YES,NA,2024,Extracted values from the suplementary material and not the figure
21,130,Chlorpyrifos,1482.097,LC50,251.02,251.56,CI_95,3,5,"5 individuals/aquarium, 3 replicates",Dursban ®,536.926,LC50,102.366,113.471,CI_95,3,5,"5 individuals/aquarium, 3 replicates",Probit,130_ai_i,130_form_i,130_3,1,Pila globosa,NA,"Pond in Kalyani, Nadia district, West Bengal, India",Gastropoda,Mollusca,Animalia,Aquatic,Medium sized,96,Insecticide,NO,NO,NA,Environmental,Acute,29.5,7.4,No feeding,NA,YES,APHA,237.33,NO,Emulsifiable concentrate ,YES,NA,2024,Extracted values from the suplementary material and not the figure
22,130,Chlorpyrifos,0.533,LC50,0.012,0.015,CI_95,3,10,"10 individuals/becher, 3 replicates",Dursban ®,0.288,LC50,0.014,0.014,CI_95,3,10,"10 individuals/becher, 3 replicates",Probit,130_ai_m,130_form_m,130_4,1,Cyclops viridis ,NA,"Pond in Kalyani, Nadia district, West Bengal, India",Copepoda,Arthropoda,Animalia,Aquatic,NA,24,Insecticide,NO,NO,NA,Environmental,Acute,29.5,7.4,No feeding,NA,YES,APHA,237.33,NO,Emulsifiable concentrate ,YES,NA,2024,Extracted values from the suplementary material and not the figure
23,130,Chlorpyrifos,0.52,LC50,0.012,0.012,CI_95,3,10,"10 individuals/becher, 3 replicates",Dursban ®,0.268,LC50,0.014,0.015,CI_95,3,10,"10 individuals/becher, 3 replicates",Probit,130_ai_m,130_form_m,130_4,1,Cyclops viridis ,NA,"Pond in Kalyani, Nadia district, West Bengal, India",Copepoda,Arthropoda,Animalia,Aquatic,NA,48,Insecticide,NO,NO,NA,Environmental,Acute,29.5,7.4,No feeding,NA,YES,APHA,237.33,NO,Emulsifiable concentrate ,YES,NA,2024,Extracted values from the suplementary material and not the figure
24,130,Chlorpyrifos,0.51,LC50,0.012,0.011,CI_95,3,10,"10 individuals/becher, 3 replicates",Dursban ®,0.259,LC50,0.014,0.014,CI_95,3,10,"10 individuals/becher, 3 replicates",Probit,130_ai_m,130_form_m,130_4,1,Cyclops viridis ,NA,"Pond in Kalyani, Nadia district, West Bengal, India",Copepoda,Arthropoda,Animalia,Aquatic,NA,72,Insecticide,NO,NO,NA,Environmental,Acute,29.5,7.4,No feeding,NA,YES,APHA,237.33,NO,Emulsifiable concentrate ,YES,NA,2024,Extracted values from the suplementary material and not the figure
25,130,Chlorpyrifos,0.502,LC50,0.013,0.012,CI_95,3,10,"10 individuals/becher, 3 replicates",Dursban ®,0.249,LC50,0.015,0.016,CI_95,3,10,"10 individuals/becher, 3 replicates",Probit,130_ai_m,130_form_m,130_4,1,Cyclops viridis ,NA,"Pond in Kalyani, Nadia district, West Bengal, India",Copepoda,Arthropoda,Animalia,Aquatic,NA,96,Insecticide,NO,NO,NA,Environmental,Acute,29.5,7.4,No feeding,NA,YES,APHA,237.33,NO,Emulsifiable concentrate ,YES,NA,2024,Extracted values from the suplementary material and not the figure
26,269,Chlorpyrifos,1690,LC50,100,110,CI_95,1,40,40 individuals/bioessay,CLORP-F ®,1340,LC50,322,360,CI_95,1,20,20 individuals/bioessay,Probit,269_ai_a,269_form_a,269_1,1,Biomphalaria straminea,NA,Not indicated,Gastropoda,Mollusca,Animalia,Aquatic,Adult,48,Insecticide,NO,NO,NA,Environmental,Acute,22,7.66,No feeding,NA,NO,NA,NA,NO,Emulsifiable concentrate ,YES,NA,2024,"Didn't found information on the type of formulation, even after quick search on Internet"
27,369,Glyphosate,160,LC50,2,1.7,CI_95,4,5,"5 embryos/replicate, 4 replicate",Fozat ® 480,111.2,LC50,6,6.1,CI_95,4,5,"5 embryos/replicate, 4 replicate",log-logistic,369_ai_a,369_form_b,369_1,1,Danio rerio ,Zebrafish,"Wild type, AB",Actinopterygii,Chordata,Animalia,Aquatic,Embryo,120,Herbicide,NO,NO,NA,Environmental,Acute ,25.5,7,NA,120 hpf,YES,OECD,NA,NO,Soluble liquid concentrate ,YES,NA,2024,They mention that the different formulations use different salts 
28,369,Glyphosate,160,LC50,2,1.7,CI_95,4,5,"5 embryos/replicate, 4 replicate",Dominator ® Extra 608,71.2,LC50,5.81,5.94,CI_95,4,5,"5 embryos/replicate, 4 replicate",log-logistic,369_ai_a,369_form_c,369_2,1,Danio rerio ,Zebrafish,"Wild type, AB",Actinopterygii,Chordata,Animalia,Aquatic,Embryo,120,Herbicide,NO,NO,NA,Environmental,Acute ,25.5,7,NA,120 hpf,YES,OECD,NA,NO,Soluble liquid concentrate ,YES,NA,2024,They mention that the different formulations use different salts 
29,369,Glyphosate,160,LC50,2,1.7,CI_95,4,5,"5 embryos/replicate, 4 replicate",Total ®,40.3,LC50,6.18,6.29,CI_95,4,5,"5 embryos/replicate, 4 replicate",log-logistic,369_ai_a,369_form_d,369_3,1,Danio rerio ,Zebrafish,"Wild type, AB",Actinopterygii,Chordata,Animalia,Aquatic,Embryo,120,Herbicide,NO,NO,NA,Environmental,Acute ,25.5,7,NA,120 hpf,YES,OECD,NA,NO,Soluble liquid concentrate ,YES,NA,2024,They mention that the different formulations use different salts 
30,369,Glyphosate,160,LC50,2,1.7,CI_95,4,5,"5 embryos/replicate, 4 replicate",Roundup ® Mega ,30.8,LC50,2.06,2.2,CI_95,4,5,"5 embryos/replicate, 4 replicate",log-logistic,369_ai_a,369_form_e,369_4,1,Danio rerio ,Zebrafish,"Wild type, AB",Actinopterygii,Chordata,Animalia,Aquatic,Embryo,120,Herbicide,NO,NO,NA,Environmental,Acute ,25.5,7,NA,120 hpf,YES,OECD,NA,NO,Soluble liquid concentrate ,YES,NA,2024,They mention that the different formulations use different salts 
31,868,Ivermectin,>150000,LC50,NA,NA,NA,3,10,"10 embryos, triplicates",FACyT SRL,>150000,LC50,NA,NA,NA,3,10,"10 embryos, triplicates",Probit,868_ai_a,868_form_a,868_1,1,Rhinella arenarum,NA,Not indicated,Amphibia,Chordata,Animalia,Aquatic/Terrestrial,Embryo,24,Anti-parasitic,NO,MAYBE,NA,Environmental,Acute ,20,NA,Fed,Stage 4-6,YES,AMPHITOX,NA,YES,Subcutaneous injectable solution,YES,NA,2024,It is an anti parasitic so is it a pesticide? Indicated to control nematodes in cattle
32,868,Ivermectin,>150000,LC50,NA,NA,NA,3,10,"10 embryos, triplicates",FACyT SRL,>150000,LC50,NA,NA,NA,3,10,"10 embryos, triplicates",Probit,868_ai_a,868_form_a,868_1,1,Rhinella arenarum,NA,Not indicated,Amphibia,Chordata,Animalia,Aquatic/Terrestrial,Embryo,48,Anti-parasitic,NO,MAYBE,NA,Environmental,Acute ,20,NA,Fed,Stage 4-6,YES,AMPHITOX,NA,YES,Subcutaneous injectable solution,YES,NA,2024,It is an anti parasitic so is it a pesticide? Indicated to control nematodes in cattle
33,868,Ivermectin,16059.5,LC50,3700.9,6202.9,CI_95,3,10,"10 embryos, triplicates",FACyT SRL,>150000,LC50,NA,NA,NA,3,10,"10 embryos, triplicates",Probit,868_ai_a,868_form_a,868_1,1,Rhinella arenarum,NA,Not indicated,Amphibia,Chordata,Animalia,Aquatic/Terrestrial,Embryo,72,Anti-parasitic,NO,MAYBE,NA,Environmental,Acute ,20,NA,Fed,Stage 4-6,YES,AMPHITOX,NA,YES,Subcutaneous injectable solution,YES,NA,2024,It is an anti parasitic so is it a pesticide? Indicated to control nematodes in cattle
34,868,Ivermectin,15900,LC50,3670.7,6116.3,CI_95,3,10,"10 embryos, triplicates",FACyT SRL,51232.1,LC50,7743.1,10394.9,CI_95,3,10,"10 embryos, triplicates",Probit,868_ai_a,868_form_a,868_1,1,Rhinella arenarum,NA,Not indicated,Amphibia,Chordata,Animalia,Aquatic/Terrestrial,Embryo,96,Anti-parasitic,NO,MAYBE,NA,Environmental,Acute ,20,NA,Fed,Stage 4-6,YES,AMPHITOX,NA,NO,Subcutaneous injectable solution,YES,NA,2024,It is an anti parasitic so is it a pesticide? Indicated to control nematodes in cattle
35,868,Ivermectin,15900,LC50,3670.7,6116.3,CI_95,3,10,"10 embryos, triplicates",FACyT SRL,51228.8,LC50,7734.5,10372.3,CI_95,3,10,"10 embryos, triplicates",Probit,868_ai_a,868_form_a,868_1,1,Rhinella arenarum,NA,Not indicated,Amphibia,Chordata,Animalia,Aquatic/Terrestrial,Embryo,120,Anti-parasitic,NO,MAYBE,NA,Environmental,Acute ,20,NA,Fed,Stage 4-6,YES,AMPHITOX,NA,NO,Subcutaneous injectable solution,YES,NA,2024,It is an anti parasitic so is it a pesticide? Indicated to control nematodes in cattle
36,868,Ivermectin,15900,LC50,3670.7,6116.3,CI_95,3,10,"10 embryos, triplicates",FACyT SRL,916.54,LC50,145.42,231,CI_95,3,10,"10 embryos, triplicates",Probit,868_ai_a,868_form_a,868_1,1,Rhinella arenarum,NA,Not indicated,Amphibia,Chordata,Animalia,Aquatic/Terrestrial,Embryo,144,Anti-parasitic,NO,MAYBE,NA,Environmental,Acute ,20,NA,Fed,Stage 4-6,YES,AMPHITOX,NA,NO,Subcutaneous injectable solution,YES,NA,2024,It is an anti parasitic so is it a pesticide? Indicated to control nematodes in cattle
37,868,Ivermectin,1258.69,LC50,357.67,1043,CI_95,3,10,"10 embryos, triplicates",FACyT SRL,915.922,LC50,143.82,224.418,CI_95,3,10,"10 embryos, triplicates",Probit,868_ai_a,868_form_a,868_1,1,Rhinella arenarum,NA,Not indicated,Amphibia,Chordata,Animalia,Aquatic/Terrestrial,Embryo,168,Anti-parasitic,NO,MAYBE,NA,Environmental,Sub-chronic,20,NA,Fed,Stage 4-6,YES,AMPHITOX,NA,NO,Subcutaneous injectable solution,YES,NA,2024,It is an anti parasitic so is it a pesticide? Indicated to control nematodes in cattle
38,868,Ivermectin,1258.69,LC50,357.67,1043,CI_95,3,10,"10 embryos, triplicates",FACyT SRL,915.922,LC50,143.82,224.418,CI_95,3,10,"10 embryos, triplicates",Probit,868_ai_a,868_form_a,868_1,1,Rhinella arenarum,NA,Not indicated,Amphibia,Chordata,Animalia,Aquatic/Terrestrial,Embryo,192,Anti-parasitic,NO,MAYBE,NA,Environmental,Sub-chronic,20,NA,Fed,Stage 4-6,YES,AMPHITOX,NA,NO,Subcutaneous injectable solution,YES,NA,2024,It is an anti parasitic so is it a pesticide? Indicated to control nematodes in cattle
39,868,Ivermectin,968.619,LC50,228.367,480.831,CI_95,3,10,"10 embryos, triplicates",FACyT SRL,605.061,LC50,96.909,138.955,CI_95,3,10,"10 embryos, triplicates",Probit,868_ai_a,868_form_a,868_1,1,Rhinella arenarum,NA,Not indicated,Amphibia,Chordata,Animalia,Aquatic/Terrestrial,Embryo,216,Anti-parasitic,NO,MAYBE,NA,Environmental,Sub-chronic,20,NA,Fed,Stage 4-6,YES,AMPHITOX,NA,NO,Subcutaneous injectable solution,YES,NA,2024,It is an anti parasitic so is it a pesticide? Indicated to control nematodes in cattle
40,868,Ivermectin,968.619,LC50,228.367,480.831,CI_95,3,10,"10 embryos, triplicates",FACyT SRL,605.061,LC50,96.909,138.955,CI_95,3,10,"10 embryos, triplicates",Probit,868_ai_a,868_form_a,868_1,1,Rhinella arenarum,NA,Not indicated,Amphibia,Chordata,Animalia,Aquatic/Terrestrial,Embryo,240,Anti-parasitic,NO,MAYBE,NA,Environmental,Sub-chronic,20,NA,Fed,Stage 4-6,YES,AMPHITOX,NA,NO,Subcutaneous injectable solution,YES,NA,2024,It is an anti parasitic so is it a pesticide? Indicated to control nematodes in cattle
41,868,Ivermectin,512.528,LC50,108.014,150.215,CI_95,3,10,"10 embryos, triplicates",FACyT SRL,438.94,LC50,112.519,169.182,CI_95,3,10,"10 embryos, triplicates",Probit,868_ai_a,868_form_a,868_1,1,Rhinella arenarum,NA,Not indicated,Amphibia,Chordata,Animalia,Aquatic/Terrestrial,Embryo,264,Anti-parasitic,NO,MAYBE,NA,Environmental,Sub-chronic,20,NA,Fed,Stage 4-6,YES,AMPHITOX,NA,NO,Subcutaneous injectable solution,YES,NA,2024,It is an anti parasitic so is it a pesticide? Indicated to control nematodes in cattle
42,868,Ivermectin,512.528,LC50,108.014,150.215,CI_95,3,10,"10 embryos, triplicates",FACyT SRL,438.94,LC50,112.519,169.182,CI_95,3,10,"10 embryos, triplicates",Probit,868_ai_a,868_form_a,868_1,1,Rhinella arenarum,NA,Not indicated,Amphibia,Chordata,Animalia,Aquatic/Terrestrial,Embryo,288,Anti-parasitic,NO,MAYBE,NA,Environmental,Sub-chronic,20,NA,Fed,Stage 4-6,YES,AMPHITOX,NA,NO,Subcutaneous injectable solution,YES,NA,2024,It is an anti parasitic so is it a pesticide? Indicated to control nematodes in cattle
43,868,Ivermectin,512.528,LC50,108.014,150.215,CI_95,3,10,"10 embryos, triplicates",FACyT SRL,148.492,LC50,38.345,55.527,CI_95,3,10,"10 embryos, triplicates",Probit,868_ai_a,868_form_a,868_1,1,Rhinella arenarum,NA,Not indicated,Amphibia,Chordata,Animalia,Aquatic/Terrestrial,Embryo,312,Anti-parasitic,NO,MAYBE,NA,Environmental,Sub-chronic,20,NA,Fed,Stage 4-6,YES,AMPHITOX,NA,NO,Subcutaneous injectable solution,YES,NA,2024,It is an anti parasitic so is it a pesticide? Indicated to control nematodes in cattle
44,868,Ivermectin,412.731,LC50,85.994,108.383,CI_95,3,10,"10 embryos, triplicates",FACyT SRL,19.0519,LC50,10.2021,14.1037,CI_95,3,10,"10 embryos, triplicates",Probit,868_ai_a,868_form_a,868_1,1,Rhinella arenarum,NA,Not indicated,Amphibia,Chordata,Animalia,Aquatic/Terrestrial,Embryo,336,Anti-parasitic,NO,MAYBE,NA,Environmental,Sub-chronic,20,NA,Fed,Stage 4-6,YES,AMPHITOX,NA,NO,Subcutaneous injectable solution,YES,NA,2024,It is an anti parasitic so is it a pesticide? Indicated to control nematodes in cattle
45,868,Ivermectin,369.648,LC50,77.929,95.5,CI_95,3,10,"10 embryos, triplicates",FACyT SRL,19.0519,LC50,10.2021,14.1037,CI_95,3,10,"10 embryos, triplicates",Probit,868_ai_a,868_form_a,868_1,1,Rhinella arenarum,NA,Not indicated,Amphibia,Chordata,Animalia,Aquatic/Terrestrial,Embryo,360,Anti-parasitic,NO,MAYBE,NA,Environmental,Sub-chronic,20,NA,Fed,Stage 4-6,YES,AMPHITOX,NA,NO,Subcutaneous injectable solution,YES,NA,2024,It is an anti parasitic so is it a pesticide? Indicated to control nematodes in cattle
46,868,Ivermectin,317.39,LC50,69.949,83.793,CI_95,3,10,"10 embryos, triplicates",FACyT SRL,16.8578,LC50,9.681267,13.7489,CI_95,3,10,"10 embryos, triplicates",Probit,868_ai_a,868_form_a,868_1,1,Rhinella arenarum,NA,Not indicated,Amphibia,Chordata,Animalia,Aquatic/Terrestrial,Embryo,384,Anti-parasitic,NO,MAYBE,NA,Environmental,Sub-chronic,20,NA,Fed,Stage 4-6,YES,AMPHITOX,NA,NO,Subcutaneous injectable solution,YES,NA,2024,It is an anti parasitic so is it a pesticide? Indicated to control nematodes in cattle
47,868,Ivermectin,317.39,LC50,69.949,83.793,CI_95,3,10,"10 embryos, triplicates",FACyT SRL,16.8578,LC50,9.681267,13.7489,CI_95,3,10,"10 embryos, triplicates",Probit,868_ai_a,868_form_a,868_1,1,Rhinella arenarum,NA,Not indicated,Amphibia,Chordata,Animalia,Aquatic/Terrestrial,Embryo,408,Anti-parasitic,NO,MAYBE,NA,Environmental,Sub-chronic,20,NA,Fed,Stage 4-6,YES,AMPHITOX,NA,NO,Subcutaneous injectable solution,YES,NA,2024,It is an anti parasitic so is it a pesticide? Indicated to control nematodes in cattle
48,868,Ivermectin,317.39,LC50,69.949,83.793,CI_95,3,10,"10 embryos, triplicates",FACyT SRL,10.9749,LC50,5.3449,14.9374,CI_95,3,10,"10 embryos, triplicates",Probit,868_ai_a,868_form_a,868_1,1,Rhinella arenarum,NA,Not indicated,Amphibia,Chordata,Animalia,Aquatic/Terrestrial,Embryo,432,Anti-parasitic,NO,MAYBE,NA,Environmental,Sub-chronic,20,NA,Fed,Stage 4-6,YES,AMPHITOX,NA,NO,Subcutaneous injectable solution,YES,NA,2024,It is an anti parasitic so is it a pesticide? Indicated to control nematodes in cattle
49,868,Ivermectin,317.39,LC50,69.949,83.793,CI_95,3,10,"10 embryos, triplicates",FACyT SRL,10.9749,LC50,5.3449,14.9374,CI_95,3,10,"10 embryos, triplicates",Probit,868_ai_a,868_form_a,868_1,1,Rhinella arenarum,NA,Not indicated,Amphibia,Chordata,Animalia,Aquatic/Terrestrial,Embryo,456,Anti-parasitic,NO,MAYBE,NA,Environmental,Sub-chronic,20,NA,Fed,Stage 4-6,YES,AMPHITOX,NA,NO,Subcutaneous injectable solution,YES,NA,2024,It is an anti parasitic so is it a pesticide? Indicated to control nematodes in cattle
50,868,Ivermectin,317.39,LC50,69.949,83.793,CI_95,3,10,"10 embryos, triplicates",FACyT SRL,10.9749,LC50,5.3449,14.9374,CI_95,3,10,"10 embryos, triplicates",Probit,868_ai_a,868_form_a,868_1,1,Rhinella arenarum,NA,Not indicated,Amphibia,Chordata,Animalia,Aquatic/Terrestrial,Embryo,480,Anti-parasitic,NO,MAYBE,NA,Environmental,Sub-chronic,20,NA,Fed,Stage 4-6,YES,AMPHITOX,NA,NO,Subcutaneous injectable solution,YES,NA,2024,It is an anti parasitic so is it a pesticide? Indicated to control nematodes in cattle
51,868,Ivermectin,312.801,LC50,95.084,110.099,CI_95,3,10,"10 embryos, triplicates",FACyT SRL,10.25,LC50,7.93,15.6,CI_95,3,10,"10 embryos, triplicates",Probit,868_ai_a,868_form_a,868_1,1,Rhinella arenarum,NA,Not indicated,Amphibia,Chordata,Animalia,Aquatic/Terrestrial,Embryo,504,Anti-parasitic,NO,MAYBE,NA,Environmental,Chronic,20,NA,Fed,Stage 4-6,YES,AMPHITOX,NA,NO,Subcutaneous injectable solution,YES,NA,2024,It is an anti parasitic so is it a pesticide? Indicated to control nematodes in cattle
52,868,Ivermectin,>100000,LC50,NA,NA,NA,3,10,"10 embryos, triplicates",FACyT SRL,4015.76,LC50,86.729,95.803,CI_95,3,10,"10 embryos, triplicates",Probit,868_ai_v,868_form_v,868_2,1,Rhinella arenarum,NA,Not indicated,Amphibia,Chordata,Animalia,Aquatic/Terrestrial,Larvae,24,Anti-parasitic,NO,MAYBE,NA,Environmental,Acute ,20,NA,Fed,Stage 25,YES,AMPHITOX,NA,YES,Subcutaneous injectable solution,YES,NA,2024,It is an anti parasitic so is it a pesticide? Indicated to control nematodes in cattle
53,868,Ivermectin,969.384,LC50,144.435,215.306,CI_95,3,10,"10 embryos, triplicates",FACyT SRL,2594.42,LC50,223.99,256.783,CI_95,3,10,"10 embryos, triplicates",Probit,868_ai_v,868_form_v,868_2,1,Rhinella arenarum,NA,Not indicated,Amphibia,Chordata,Animalia,Aquatic/Terrestrial,Larvae,48,Anti-parasitic,NO,MAYBE,NA,Environmental,Acute ,20,NA,Fed,Stage 25,YES,AMPHITOX,NA,NO,Subcutaneous injectable solution,YES,NA,2024,It is an anti parasitic so is it a pesticide? Indicated to control nematodes in cattle
54,868,Ivermectin,810.872,LC50,112.215,159.881,CI_95,3,10,"10 embryos, triplicates",FACyT SRL,1582.12,LC50,201.04,180.59,CI_95,3,10,"10 embryos, triplicates",Probit,868_ai_v,868_form_v,868_2,1,Rhinella arenarum,NA,Not indicated,Amphibia,Chordata,Animalia,Aquatic/Terrestrial,Larvae,72,Anti-parasitic,NO,MAYBE,NA,Environmental,Acute ,20,NA,Fed,Stage 25,YES,AMPHITOX,NA,NO,Subcutaneous injectable solution,YES,NA,2024,It is an anti parasitic so is it a pesticide? Indicated to control nematodes in cattle
55,868,Ivermectin,800.823,LC50,122.097,186.902,CI_95,3,10,"10 embryos, triplicates",FACyT SRL,1552.64,LC50,171.56,210.07,CI_95,3,10,"10 embryos, triplicates",Probit,868_ai_v,868_form_v,868_2,1,Rhinella arenarum,NA,Not indicated,Amphibia,Chordata,Animalia,Aquatic/Terrestrial,Larvae,96,Anti-parasitic,NO,MAYBE,NA,Environmental,Acute ,20,NA,Fed,Stage 25,YES,AMPHITOX,NA,NO,Subcutaneous injectable solution,YES,NA,2024,It is an anti parasitic so is it a pesticide? Indicated to control nematodes in cattle
56,868,Ivermectin,800.823,LC50,122.097,186.902,CI_95,3,10,"10 embryos, triplicates",FACyT SRL,1198.77,LC50,133.09,166.33,CI_95,3,10,"10 embryos, triplicates",Probit,868_ai_v,868_form_v,868_2,1,Rhinella arenarum,NA,Not indicated,Amphibia,Chordata,Animalia,Aquatic/Terrestrial,Larvae,120,Anti-parasitic,NO,MAYBE,NA,Environmental,Acute ,20,NA,Fed,Stage 25,YES,AMPHITOX,NA,NO,Subcutaneous injectable solution,YES,NA,2024,It is an anti parasitic so is it a pesticide? Indicated to control nematodes in cattle
57,868,Ivermectin,800.823,LC50,122.097,186.902,CI_95,3,10,"10 embryos, triplicates",FACyT SRL,1198.77,LC50,133.09,166.33,CI_95,3,10,"10 embryos, triplicates",Probit,868_ai_v,868_form_v,868_2,1,Rhinella arenarum,NA,Not indicated,Amphibia,Chordata,Animalia,Aquatic/Terrestrial,Larvae,144,Anti-parasitic,NO,MAYBE,NA,Environmental,Acute ,20,NA,Fed,Stage 25,YES,AMPHITOX,NA,NO,Subcutaneous injectable solution,YES,NA,2024,It is an anti parasitic so is it a pesticide? Indicated to control nematodes in cattle
58,868,Ivermectin,750.571,LC50,116.802,169.559,CI_95,3,10,"10 embryos, triplicates",FACyT SRL,890.52,LC50,38.5825,218.543,CI_95,3,10,"10 embryos, triplicates",Probit,868_ai_v,868_form_v,868_2,1,Rhinella arenarum,NA,Not indicated,Amphibia,Chordata,Animalia,Aquatic/Terrestrial,Larvae,168,Anti-parasitic,NO,MAYBE,NA,Environmental,Sub-chronic,20,NA,Fed,Stage 25,YES,AMPHITOX,NA,NO,Subcutaneous injectable solution,YES,NA,2024,It is an anti parasitic so is it a pesticide? Indicated to control nematodes in cattle
59,868,Ivermectin,750.571,LC50,116.802,169.559,CI_95,3,10,"10 embryos, triplicates",FACyT SRL,890.52,LC50,38.5825,218.543,CI_95,3,10,"10 embryos, triplicates",Probit,868_ai_v,868_form_v,868_2,1,Rhinella arenarum,NA,Not indicated,Amphibia,Chordata,Animalia,Aquatic/Terrestrial,Larvae,192,Anti-parasitic,NO,MAYBE,NA,Environmental,Sub-chronic,20,NA,Fed,Stage 25,YES,AMPHITOX,NA,NO,Subcutaneous injectable solution,YES,NA,2024,It is an anti parasitic so is it a pesticide? Indicated to control nematodes in cattle
60,868,Ivermectin,363.047,LC50,49.431,61.462,CI_95,3,10,"10 embryos, triplicates",FACyT SRL,691.794,LC50,89.598,114.697,CI_95,3,10,"10 embryos, triplicates",Probit,868_ai_v,868_form_v,868_2,1,Rhinella arenarum,NA,Not indicated,Amphibia,Chordata,Animalia,Aquatic/Terrestrial,Larvae,216,Anti-parasitic,NO,MAYBE,NA,Environmental,Sub-chronic,20,NA,Fed,Stage 25,YES,AMPHITOX,NA,NO,Subcutaneous injectable solution,YES,NA,2024,It is an anti parasitic so is it a pesticide? Indicated to control nematodes in cattle
61,868,Ivermectin,289.47,LC50,38.761,49.968,CI_95,3,10,"10 embryos, triplicates",FACyT SRL,691.794,LC50,89.598,114.697,CI_95,3,10,"10 embryos, triplicates",Probit,868_ai_v,868_form_v,868_2,1,Rhinella arenarum,NA,Not indicated,Amphibia,Chordata,Animalia,Aquatic/Terrestrial,Larvae,240,Anti-parasitic,NO,MAYBE,NA,Environmental,Sub-chronic,20,NA,Fed,Stage 25,YES,AMPHITOX,NA,NO,Subcutaneous injectable solution,YES,NA,2024,It is an anti parasitic so is it a pesticide? Indicated to control nematodes in cattle
62,868,Ivermectin,274.251,LC50,37.621,48.631,CI_95,3,10,"10 embryos, triplicates",FACyT SRL,536.95,LC50,76.043,96.075,CI_95,3,10,"10 embryos, triplicates",Probit,868_ai_v,868_form_v,868_2,1,Rhinella arenarum,NA,Not indicated,Amphibia,Chordata,Animalia,Aquatic/Terrestrial,Larvae,264,Anti-parasitic,NO,MAYBE,NA,Environmental,Sub-chronic,20,NA,Fed,Stage 25,YES,AMPHITOX,NA,NO,Subcutaneous injectable solution,YES,NA,2024,It is an anti parasitic so is it a pesticide? Indicated to control nematodes in cattle
63,868,Ivermectin,274.251,LC50,37.621,48.631,CI_95,3,10,"10 embryos, triplicates",FACyT SRL,536.95,LC50,76.043,96.075,CI_95,3,10,"10 embryos, triplicates",Probit,868_ai_v,868_form_v,868_2,1,Rhinella arenarum,NA,Not indicated,Amphibia,Chordata,Animalia,Aquatic/Terrestrial,Larvae,288,Anti-parasitic,NO,MAYBE,NA,Environmental,Sub-chronic,20,NA,Fed,Stage 25,YES,AMPHITOX,NA,NO,Subcutaneous injectable solution,YES,NA,2024,It is an anti parasitic so is it a pesticide? Indicated to control nematodes in cattle
64,868,Ivermectin,274.251,LC50,37.621,48.631,CI_95,3,10,"10 embryos, triplicates",FACyT SRL,509.559,LC50,72.512,91.085,CI_95,3,10,"10 embryos, triplicates",Probit,868_ai_v,868_form_v,868_2,1,Rhinella arenarum,NA,Not indicated,Amphibia,Chordata,Animalia,Aquatic/Terrestrial,Larvae,312,Anti-parasitic,NO,MAYBE,NA,Environmental,Sub-chronic,20,NA,Fed,Stage 25,YES,AMPHITOX,NA,NO,Subcutaneous injectable solution,YES,NA,2024,It is an anti parasitic so is it a pesticide? Indicated to control nematodes in cattle
65,868,Ivermectin,256.501,LC50,34.891,45.079,CI_95,3,10,"10 embryos, triplicates",FACyT SRL,339.624,LC50,66.498,79.548,CI_95,3,10,"10 embryos, triplicates",Probit,868_ai_v,868_form_v,868_2,1,Rhinella arenarum,NA,Not indicated,Amphibia,Chordata,Animalia,Aquatic/Terrestrial,Larvae,336,Anti-parasitic,NO,MAYBE,NA,Environmental,Sub-chronic,20,NA,Fed,Stage 25,YES,AMPHITOX,NA,NO,Subcutaneous injectable solution,YES,NA,2024,It is an anti parasitic so is it a pesticide? Indicated to control nematodes in cattle
66,868,Ivermectin,256.501,LC50,34.891,45.079,CI_95,3,10,"10 embryos, triplicates",FACyT SRL,339.624,LC50,66.498,79.548,CI_95,3,10,"10 embryos, triplicates",Probit,868_ai_v,868_form_v,868_2,1,Rhinella arenarum,NA,Not indicated,Amphibia,Chordata,Animalia,Aquatic/Terrestrial,Larvae,360,Anti-parasitic,NO,MAYBE,NA,Environmental,Sub-chronic,20,NA,Fed,Stage 25,YES,AMPHITOX,NA,NO,Subcutaneous injectable solution,YES,NA,2024,It is an anti parasitic so is it a pesticide? Indicated to control nematodes in cattle
67,868,Ivermectin,256.501,LC50,34.891,45.079,CI_95,3,10,"10 embryos, triplicates",FACyT SRL,275.501,LC50,70.595,79.261,CI_95,3,10,"10 embryos, triplicates",Probit,868_ai_v,868_form_v,868_2,1,Rhinella arenarum,NA,Not indicated,Amphibia,Chordata,Animalia,Aquatic/Terrestrial,Larvae,384,Anti-parasitic,NO,MAYBE,NA,Environmental,Sub-chronic,20,NA,Fed,Stage 25,YES,AMPHITOX,NA,NO,Subcutaneous injectable solution,YES,NA,2024,It is an anti parasitic so is it a pesticide? Indicated to control nematodes in cattle
68,868,Ivermectin,256.501,LC50,34.891,45.079,CI_95,3,10,"10 embryos, triplicates",FACyT SRL,275.501,LC50,70.595,79.261,CI_95,3,10,"10 embryos, triplicates",Probit,868_ai_v,868_form_v,868_2,1,Rhinella arenarum,NA,Not indicated,Amphibia,Chordata,Animalia,Aquatic/Terrestrial,Larvae,408,Anti-parasitic,NO,MAYBE,NA,Environmental,Sub-chronic,20,NA,Fed,Stage 25,YES,AMPHITOX,NA,NO,Subcutaneous injectable solution,YES,NA,2024,It is an anti parasitic so is it a pesticide? Indicated to control nematodes in cattle
69,868,Ivermectin,211.109,LC50,30.051,39.342,CI_95,3,10,"10 embryos, triplicates",FACyT SRL,237.452,LC50,72.096,77.353,CI_95,3,10,"10 embryos, triplicates",Probit,868_ai_v,868_form_v,868_2,1,Rhinella arenarum,NA,Not indicated,Amphibia,Chordata,Animalia,Aquatic/Terrestrial,Larvae,432,Anti-parasitic,NO,MAYBE,NA,Environmental,Sub-chronic,20,NA,Fed,Stage 25,YES,AMPHITOX,NA,NO,Subcutaneous injectable solution,YES,NA,2024,It is an anti parasitic so is it a pesticide? Indicated to control nematodes in cattle
70,868,Ivermectin,211.109,LC50,30.051,39.342,CI_95,3,10,"10 embryos, triplicates",FACyT SRL,237.452,LC50,72.096,77.353,CI_95,3,10,"10 embryos, triplicates",Probit,868_ai_v,868_form_v,868_2,1,Rhinella arenarum,NA,Not indicated,Amphibia,Chordata,Animalia,Aquatic/Terrestrial,Larvae,456,Anti-parasitic,NO,MAYBE,NA,Environmental,Sub-chronic,20,NA,Fed,Stage 25,YES,AMPHITOX,NA,NO,Subcutaneous injectable solution,YES,NA,2024,It is an anti parasitic so is it a pesticide? Indicated to control nematodes in cattle
71,868,Ivermectin,211.109,LC50,30.051,39.342,CI_95,3,10,"10 embryos, triplicates",FACyT SRL,237.452,LC50,72.096,77.353,CI_95,3,10,"10 embryos, triplicates",Probit,868_ai_v,868_form_v,868_2,1,Rhinella arenarum,NA,Not indicated,Amphibia,Chordata,Animalia,Aquatic/Terrestrial,Larvae,480,Anti-parasitic,NO,MAYBE,NA,Environmental,Sub-chronic,20,NA,Fed,Stage 25,YES,AMPHITOX,NA,NO,Subcutaneous injectable solution,YES,NA,2024,It is an anti parasitic so is it a pesticide? Indicated to control nematodes in cattle
72,868,Ivermectin,195.252,LC50,30.606,40.025,CI_95,3,10,"10 embryos, triplicates",FACyT SRL,77.332,LC50,11.7317,14.9014,CI_95,3,10,"10 embryos, triplicates",Probit,868_ai_v,868_form_v,868_2,1,Rhinella arenarum,NA,Not indicated,Amphibia,Chordata,Animalia,Aquatic/Terrestrial,Larvae,504,Anti-parasitic,NO,MAYBE,NA,Environmental,Chronic,20,NA,Fed,Stage 25,YES,AMPHITOX,NA,NO,Subcutaneous injectable solution,YES,NA,2024,It is an anti parasitic so is it a pesticide? Indicated to control nematodes in cattle
73,250,Glyphosate,>100,LC50,NA,NA,NA,1,20,"20 embryos per concentration group, 1 in one well",Roundup Original ® ,18.55,LC50,1.65,1.83,CI_95,1,20,"20 embryos per concentration group, 1 in one well",NA,250_ai_a,250_form_a,250_1,1,Danio rerio ,Zebrafish,School of Pharmaceutical Sciences of Ribeirão Preto (University of São Paulo) ,Actinopterygii,Chordata,Animalia,Aquatic,Embryo,96,Herbicide,NO,NO,NA,Environmental,Acute,27.5,NA,No feeding,3-4 hpf,YES,OECD,NA,YES,Soluble concentrate,YES,NA,2024,
74,298,Tebuconazole,6.7,EC50,1.5,1.5,CI_95,4,7,"7/vessel, 4 replicates",FOLICUR ® ,9.6,EC50,1.5,1.5,CI_95,4,7,"7/vessel, 4 replicates",Four parameter logistic ,298_ai_a,298_form_a,298_1,1,Daphnia magna,Water flea,Not indicated,Branchiopoda,Arthropoda,Animalia,Aquatic,Neonate,48,Fungicide,NO,NO,NA,Environmental,Acute,20,8,NA,NA,YES,OECD,NA,NO,Oil in water emulsion,YES,NA,2024,They also tested nano formulations but are not commercial ones 
75,824,Isoxaflutole,0.03,EC50,0,0,SD,3,1,3 replicates ,Merlin Flexx,6.8,EC50,0.2,0.2,SD,3,1,3 replicates ,Not mentionned,824_ai_a,824_form_a,824_1,1,Raphidocelis subcapitata,NA,"NIVA-CHL1, Norwegian Institute for Water Research",Chlorophyceae,Chlorophyta,Plantae,Aquatic,NA,72,Herbicide,NO,NO,NA,Environmental,Acute,22,6.5,NA,NA,YES,OECD,NA,NO,Aqueous suspension concentrate,YES,NA,2024,Three different measurements for one experiment 
76,824,Isoxaflutole,0.02,EC50,0,0,SD,3,1,3 replicates ,Merlin Flexx,5.84,EC50,0.32,0.32,SD,3,1,3 replicates ,Not mentionned,824_ai_a,824_form_a,824_1,2,Raphidocelis subcapitata,NA,"NIVA-CHL1, Norwegian Institute for Water Research",Chlorophyceae,Chlorophyta,Plantae,Aquatic,NA,72,Herbicide,NO,NO,NA,Environmental,Acute,22,6.5,NA,NA,YES,OECD,NA,NO,Aqueous suspension concentrate,YES,NA,2024,Three different measurements for one experiment 
77,824,Isoxaflutole,0.02,EC50,0,0,SD,3,1,3 replicates,Merlin Flexx,5.48,EC50,0.48,0.48,SD,3,1,3 replicates,Not mentionned,824_ai_a,824_form_a,824_1,3,Raphidocelis subcapitata,NA,"NIVA-CHL1, Norwegian Institute for Water Research",Chlorophyceae,Chlorophyta,Plantae,Aquatic,NA,72,Herbicide,NO,NO,NA,Environmental,Acute,22,6.5,NA,NA,YES,OECD,NA,NO,Aqueous suspension concentrate,YES,NA,2024,Three different measurements for one experiment 
78,824,Isoxaflutole,0.03,EC50,0,0,SD,3,1,3 replicates,Merlin WG75,0.55,EC50,0.17,0.17,SD,3,1,3 replicates,Not mentionned,824_ai_a,824_form_d,824_2,1,Raphidocelis subcapitata,NA,"NIVA-CHL1, Norwegian Institute for Water Research",Chlorophyceae,Chlorophyta,Plantae,Aquatic,NA,72,Herbicide,NO,NO,NA,Environmental,Acute,22,6.5,NA,NA,YES,OECD,NA,NO,Water-dispersible granules,YES,NA,2024,Three different measurements for one experiment 
79,824,Isoxaflutole,0.02,EC50,0,0,SD,3,1,3 replicates,Merlin WG75,0.5,EC50,0.07,0.07,SD,3,1,3 replicates,Not mentionned,824_ai_a,824_form_d,824_2,2,Raphidocelis subcapitata,NA,"NIVA-CHL1, Norwegian Institute for Water Research",Chlorophyceae,Chlorophyta,Plantae,Aquatic,NA,72,Herbicide,NO,NO,NA,Environmental,Acute,22,6.5,NA,NA,YES,OECD,NA,NO,Water-dispersible granules,YES,NA,2024,Three different measurements for one experiment 
80,824,Isoxaflutole,0.02,EC50,0,0,SD,3,1,3 replicates,Merlin WG75,0.43,EC50,0.11,0.11,SD,3,1,3 replicates,Not mentionned,824_ai_a,824_form_d,824_2,3,Raphidocelis subcapitata,NA,"NIVA-CHL1, Norwegian Institute for Water Research",Chlorophyceae,Chlorophyta,Plantae,Aquatic,NA,72,Herbicide,NO,NO,NA,Environmental,Acute,22,6.5,NA,NA,YES,OECD,NA,NO,Water-dispersible granules,YES,NA,2024,Three different type measurements for one experiment 
81,271,Glyphosate IPA salt ,125.2,EC50,16.5,16.5,CI_95,3,1,"3 plates per concentration, 3 replicates",Roundup Classic ,5.1,EC50,1.3,1.3,CI_95,3,3,"3 plates per concentration, 3 replicates",ToxRat Pro software,271_ai_a,271_form_b,271_1,1,Pseudokirchneriella subcapitata,NA,"NIVA-CHL1, Norwegian Institute for Water Research",Chlorophyceae,Chlorophyta,Plantae,Aquatic,NA,72,Herbicide,NO,NO,NA,Environmental,Acute,22,6.5,NA,NA,YES,OECD,NA,NO,Liquid water soluble concentrate,YES,NA,2024,"Two type of measurements for one experiment, not mentionned if the error is a CI or SE, following research on the software used I inferred it was a CI "
82,271,Glyphosate IPA salt ,105.3,EC50,17.8,17.8,CI_95,3,1,"3 plates per concentration, 3 replicates",Roundup Classic ,14.5,EC50,1.36,1.36,CI_95,3,3,"3 plates per concentration, 3 replicates",ToxRat Pro software,271_ai_a,271_form_b,271_2,2,Pseudokirchneriella subcapitata,NA,"NIVA-CHL1, Norwegian Institute for Water Research",Chlorophyceae,Chlorophyta,Plantae,Aquatic,NA,72,Herbicide,NO,NO,NA,Environmental,Acute,22,6.5,NA,NA,YES,OECD,NA,NO,Liquid water soluble concentrate,YES,NA,2024,"Two type of measurements for one experiment, not mentionned if the error is a CI or SE, following research on the software used I inferred it was a CI "
83,271,Glyphosate IPA salt ,125.2,EC50,16.5,16.5,CI_95,3,1,"3 plates per concentration, 3 replicates",Medallon Premium,42.7,EC50,4.7,4.7,CI_95,3,3,"3 plates per concentration, 3 replicates",ToxRat Pro software,271_ai_a,271_form_c,271_3,1,Pseudokirchneriella subcapitata,NA,"NIVA-CHL1, Norwegian Institute for Water Research",Chlorophyceae,Chlorophyta,Plantae,Aquatic,NA,72,Herbicide,NO,NO,NA,Environmental,Acute,22,6.5,NA,NA,YES,OECD,NA,NO,Liquid water soluble concentrate,YES,NA,2024,"Two type of measurements for one experiment, not mentionned if the error is a CI or SE, following research on the software used I inferred it was a CI "
84,271,Glyphosate IPA salt ,132.9,EC50,2.3,2.3,CI_95,3,1,"3 plates per concentration, 3 replicates",Roundup Classic ,14.1,EC50,2.9,2.9,CI_95,3,3,"3 plates per concentration, 3 replicates",ToxRat Pro software,271_ai_b,271_form_d,271_4,1,Desmodesmus subspicatus,NA,"CCAP 276/20, Scottish Culture Collection of Algae and Protozoa",Chlorophyceae,Chlorophyta,Plantae,Aquatic,NA,72,Herbicide,NO,NO,NA,Environmental,Acute,22,6.5,NA,NA,YES,OECD,NA,NO,Liquid water soluble concentrate,YES,NA,2024,"Two type of measurements for one experiment, not mentionned if the error is a CI or SE, following research on the software used I inferred it was a CI "
85,271,Glyphosate IPA salt ,73.8,EC50,5.3,5.3,CI_95,3,1,"3 plates per concentration, 3 replicates",Roundup Classic ,13.4,EC50,3.8,3.8,CI_95,3,3,"3 plates per concentration, 3 replicates",ToxRat Pro software,271_ai_b,271_form_d,271_5,2,Desmodesmus subspicatus,NA,"CCAP 276/20, Scottish Culture Collection of Algae and Protozoa",Chlorophyceae,Chlorophyta,Plantae,Aquatic,NA,72,Herbicide,NO,NO,NA,Environmental,Acute,22,6.5,NA,NA,YES,OECD,NA,NO,Liquid water soluble concentrate,YES,NA,2024,"Two type of measurements for one experiment, not mentionned if the error is a CI or SE, following research on the software used I inferred it was a CI "
86,271,Glyphosate IPA salt ,132.9,EC50,2.3,2.3,CI_95,3,1,"3 plates per concentration, 3 replicates",Medallon Premium,245.1,EC50,32.8,32.8,CI_95,3,3,"3 plates per concentration, 3 replicates",ToxRat Pro software,271_ai_b,271_form_e,271_6,1,Desmodesmus subspicatus,NA,"CCAP 276/20, Scottish Culture Collection of Algae and Protozoa",Chlorophyceae,Chlorophyta,Plantae,Aquatic,NA,72,Herbicide,NO,NO,NA,Environmental,Acute,22,6.5,NA,NA,YES,OECD,NA,NO,Liquid water soluble concentrate,YES,NA,2024,"Two type of measurements for one experiment, not mentionned if the error is a CI or SE, following research on the software used I inferred it was a CI "
87,271,Glyphosate IPA salt ,73.1,EC50,21.2,21.2,CI_95,3,1,"3 plates per concentration, 3 replicates",Roundup Classic ,27.3,EC50,3.7,3.7,CI_95,3,3,"3 plates per concentration, 3 replicates",ToxRat Pro software,271_ai_c,271_form_f,271_7,1,Scenedesmus obtusiusculus,NA,"CCAP 276/25, Scottish Culture Collection of Algae and Protozoa",Chlorophyceae,Chlorophyta,Plantae,Aquatic,NA,72,Herbicide,NO,NO,NA,Environmental,Acute,22,6.5,NA,NA,YES,OECD,NA,NO,Liquid water soluble concentrate,YES,NA,2024,"Two type of measurements for one experiment, not mentionned if the error is a CI or SE, following research on the software used I inferred it was a CI "
88,271,Glyphosate IPA salt ,51.1,EC50,2.6,2.6,CI_95,3,1,"3 plates per concentration, 3 replicates",Roundup Classic ,10.5,EC50,3.5,3.5,CI_95,3,3,"3 plates per concentration, 3 replicates",ToxRat Pro software,271_ai_c,271_form_f,271_8,2,Scenedesmus obtusiusculus,NA,"CCAP 276/25, Scottish Culture Collection of Algae and Protozoa",Chlorophyceae,Chlorophyta,Plantae,Aquatic,NA,72,Herbicide,NO,NO,NA,Environmental,Acute,22,6.5,NA,NA,YES,OECD,NA,NO,Liquid water soluble concentrate,YES,NA,2024,"Two type of measurements for one experiment, not mentionned if the error is a CI or SE, following research on the software used I inferred it was a CI "
89,271,Glyphosate IPA salt ,73.1,EC50,21.2,21.2,CI_95,3,1,"3 plates per concentration, 3 replicates",Medallon Premium,233.8,EC50,58.4,58.4,CI_95,3,3,"3 plates per concentration, 3 replicates",ToxRat Pro software,271_ai_c,271_form_g,271_9,1,Scenedesmus obtusiusculus,NA,"CCAP 276/25, Scottish Culture Collection of Algae and Protozoa",Chlorophyceae,Chlorophyta,Plantae,Aquatic,NA,72,Herbicide,NO,NO,NA,Environmental,Acute,22,6.5,NA,NA,YES,OECD,NA,NO,Liquid water soluble concentrate,YES,NA,2024,"Two type of measurements for one experiment, not mentionned if the error is a CI or SE, following research on the software used I inferred it was a CI "
90,729,Fenpropathrin,0.156,LC50,0.035,0.035,CI_95,3,20,"24 well plate, 3 run ",Meothrin,0.318,LC50,0.072,0.098,CI_95,9,20,"24 well plate, 3 run with 3 replications each run",Probit,729_ai_a,729_form_b,729_1,1,Danio rerio ,Zebrafish,"Fish Farm, College of Fisheries, Assam Agricultural University, Raha",Actinopterygii,Chordata,Animalia,Aquatic,Embryo,96,Insecticide,Microencapsulation,NO,NA,Environmental,Acute,26.2,7.9,NA,3-4 hpf,YES,OECD,78.8,NO,Emulsifiable concentrate ,NO,YES,2023,"Not 100 sure but think that concentrations needed to be adjusted , sample size from guidelines "
91,729,Fenpropathrin,0.156,LC50,0.035,0.035,CI_95,3,20,"24 well plate, 3 run ",Danitol,0.1168,LC50,0.0255,0.0335,CI_95,9,20,"24 well plate, 3 run with 3 replications each run",Probit,729_ai_a,729_form_c,729_2,1,Danio rerio ,Zebrafish,"Fish Farm, College of Fisheries, Assam Agricultural University, Raha",Actinopterygii,Chordata,Animalia,Aquatic,Embryo,96,Insecticide,Microencapsulation,NO,NA,Environmental,Acute,26.2,7.9,NA,3-4 hpf,YES,OECD,78.8,NO,Emulsifiable concentrate ,NO,YES,2023,"Not 100 sure but think that concentrations needed to be adjusted , sample size from guidelines "
92,262,Abamectin,58.6,LC50,4.7,4.7,CI_95,3,3,"3 fish/container, triplicates ",Kraft 36 EC ® ,49.3,LC50,2.7,2.8,CI_95,3,3,"3 fish/container, triplicates ",Three parameter logistic ,262_ai_a,262_form_a,262_1,1,Danio rerio ,Zebrafish,"Local commercial hatchery in São Carlos (SP, Brazil).",Actinopterygii,Chordata,Animalia,Aquatic,Adult,48,Insecticide,NO,NO,NA,Environmental,Acute,24,7.6,No feeding,NA,YES,ABNT,44,NO,Emulsifiable concentrate ,YES,NA,2024,"Data is coming from two papers, this one and AD_1"
93,262,Difenoconazole,1.41,LC50,0.01,0.02,CI_95,3,3,"3 fish/container, triplicates ",Score 250 EC ® ,1.66,LC50,0.02,0.02,CI_95,3,3,"3 fish/container, triplicates ",Three parameter logistic ,262_ai_b,262_form_b,262_2,1,Danio rerio ,Zebrafish,"Local commercial hatchery in São Carlos (SP, Brazil).",Actinopterygii,Chordata,Animalia,Aquatic,Adult,48,Fungicide,NO,NO,NA,Environmental,Acute,24,7.6,No feeding,NA,YES,ABNT,44,NO,Soluble concentrate,YES,NA,2024,"Data is coming from two papers, this one and AD_2"
94,574,Glufosinate-ammonium,>13.12,EC50,NA,NA,NA,2,3,"Triplicates, 2 independant experiments ",Finale Ultra ®,>13.12,EC50,NA,NA,NA,2,3,"Triplicates, 2 independant experiments ",Not mentionned,574_ai_a,574_form_a,574_1,1,NA,HepG2 cell line,"ATCC (Manassas, VA, USA)",NA,NA,NA,NA,NA,24,Herbicide,NO,NO,NA,Environmental,Acute,NA,NA,NA,NA,NO,NA,NA,YES,Soluble concentrate,YES,NA,2023,Cell line so lots of columns don't apply + they actually investigate sublethal effects so maybe not relevant 
95,1077,Lambda-cyhalothrin,>100,EC50,NA,NA,NA,3,1,"Triplicates, at least 500 cells counted ",Karate ® ,>100,EC50,NA,NA,NA,3,1,"Triplicates, at least 500 cells counted ",Not mentionned,1077_ai_a,1077_form_a,1077_1,1,NA,CHO-K1 cell line,"CCL-61; American Type Culture Collection, Rockville, MD, USA",NA,NA,NA,NA,NA,1.5,Insecticide,NO,NO,NA,Environmental,Acute,37,NA,NA,NA,NO,NA,NA,YES,Emulsifiable concentrate ,YES,NA,2023,Cell line so lots of columns don't apply + they actually investigate sublethal effects so maybe not relevant 
96,33,Amitraz,>3.75,EC50,NA,NA,NA,3,1,3 replicates,Azadieno ®,>3.75,EC50,NA,NA,NA,3,1,3 replicates,Not mentionned,33_ai_a,33_form_a,33_1,1,NA, CHO cell line ,"American Type Culture Collection (Manassas, VA, USA)",NA,NA,NA,NA,NA,0,Insecticide,NO,NO,NA,Environmental,Acute,NA,NA,NA,NA,NO,NA,NA,YES,Emulsifiable concentrate ,YES,NA,2025,Cell line so lots of columns don't apply + they actually investigate sublethal effects so maybe not relevant 
97,119,Glyphosate,>100,LC50,NA,NA,NA,4,30,"120 individuals total, batch of 30",Glyphosat TF,>100,LC50,NA,NA,NA,4,30,"120 individuals total, batch of 30",4 parameter logistic ,119_ai_a,119_form_b,119_1,1,Xenopus laevis,African clawed frog,Not indicated,Amphibia,Chordata,Animalia,Aquatic/Terrestrial,Embryo,216,Herbicide,NO,NO,NA,Environmental,Acute,14,NA,NA,2-cell stage,NO,NA,NA,YES,Soluble concentrate,YES,NA,2024,Computed from data extracted from the figures 
98,119,Glyphosate,>100,LC50,NA,NA,NA,4,30,"120 individuals total, batch of 30",Durano,59.506,LC50,1691.534,1691.534,SE,4,30,"120 individuals total, batch of 30",4 parameter logistic ,119_ai_a,119_form_c,119_2,1,Xenopus laevis,African clawed frog,Not indicated,Amphibia,Chordata,Animalia,Aquatic/Terrestrial,Embryo,216,Herbicide,NO,NO,NA,Environmental,Acute,14,NA,NA,2-cell stage,NO,NA,NA,YES,Soluble concentrate,YES,NA,2024,"Very large SE from the computing, because few points"
99,119,Glyphosate,>100,LC50,NA,NA,NA,4,30,"120 individuals total, batch of 30",Helosate ,59.815,LC50,NA,NA,NA,5,30,"150 individuals total, batch of 30",4 parameter logistic ,119_ai_a,119_form_d,119_3,1,Xenopus laevis,African clawed frog,Not indicated,Amphibia,Chordata,Animalia,Aquatic/Terrestrial,Embryo,216,Herbicide,NO,NO,NA,Environmental,Acute,14,NA,NA,2-cell stage,NO,NA,NA,YES,Soluble concentrate,YES,NA,2024,No SE from the computing because few points 
100,487,Chlorpyrifos,0.0099009,LC50,0.0011787,0.0011787,SE,1,1500,1500 worms,Lorsban ® 480 BR,0.0493456,LC50,0.0053102,0.0053102,SE,1,1500,1500 worms,3 parameter logistic ,487_ai_a,487_form_a,487_1,1,Caenorhabditis elegans,NA,"N2, Caenorhabditis Genetics Center, Minnesota, USA",Chromadorea,Nematoda,Animalia,Terrestrial ,Larvae,48,Insecticide,NO,NO,NA,Environmental,Acute,20,NA,NA,L1,NO,NA,NA,NO,Emulsifiable concentrate ,YES,NA,2023,Computed from data extracted from the figures 
101,506,Tebuconazole + prothioconazole,20.1931,EC50,0.7175,0.7175,SE,3,1,"3 independant biological replicates, 9000 cells",Prosaro ® ,9.0339,EC50,0.9762,0.9762,SE,3,1,"3 independant biological replicates, 9000 cells",4 parameter logistic ,506_ai_a,506_form_a,506_1,1,NA,HepaRG wild-type cells,"Biopredic International (Sant Grégoire, France)",NA,NA,NA,NA,NA,24,Fungicide,NO,NO,NA,Environmental,Acute,37,NA,NA,NA,NO,NA,NA,NO,Emulsifiable concentrate ,YES,NA,2023,"Computed from data in the paper, name of the product is not mentionned but I imputed it from the composition"
102,506,Cypermethrin + piperonyl butoxide,476.81,EC50,360.09,360.09,SE,3,1,"3 independant biological replicates, 9000 cells",Sherpa DUO ® ,57.1833,EC50,1.1086,1.1086,SE,3,1,"3 independant biological replicates, 9000 cells",4 parameter logistic ,506_ai_b,506_form_b,506_2,1,NA,HepaRG wild-type cells,"Biopredic International (Sant Grégoire, France)",NA,NA,NA,NA,NA,24,Insecticide,NO,NO,NA,Environmental,Acute,37,NA,NA,NA,NO,NA,NA,NO,Emulsifiable concentrate ,YES,NA,2023,"Computed from data in the paper, name of the product is not mentionned but I imputed it from the composition"
103,243,Propiconazole,151.8189,EC50,8.2144,8.2144,SE,3,1,3 independant replicates ,Mentor ,70.973,EC50,91.343,91.343,SE,3,1,3 independant replicates ,3 parameter logistic ,243_ai_a,243_form_c,243_1,1,Bacillus subtilis,Hay bacillus,strain ASF032321,Bacilli,Bacillota,Bacillati ,Terrestrial ,NA,24,Fungicide,NO,NO,NA,Environmental,Acute,30,NA,NA,NA,NO,NA,NA,NO,Wettable powder,YES,NA,2024,"Computed from data extracted from figures, taking the growth with control as reference"
104,243,Propiconazole,97.529,EC50,17.226,17.226,SE,3,1,3 independant replicates ,Mentor ,>150,EC50,NA,NA,NA,3,1,3 independant replicates ,3 parameter logistic ,243_ai_a,243_form_c,243_1,1,Bacillus subtilis,Hay bacillus,strain ASF032321,Bacilli,Bacillota,Bacillati ,Terrestrial ,NA,48,Fungicide,NO,NO,NA,Environmental,Acute,30,NA,NA,NA,NO,NA,NA,YES,Wettable powder,YES,NA,2024,"Computed from data extracted from figures, taking the growth with control as reference"
105,243,Propiconazole,151.8189,EC50,8.2144,8.2144,SE,3,1,3 independant replicates ,PropiStar,78.419,EC50,21.28,21.28,SE,3,1,3 independant replicates ,3 parameter logistic ,243_ai_a,243_form_d,243_2,1,Bacillus subtilis,Hay bacillus,strain ASF032321,Bacilli,Bacillota,Bacillati ,Terrestrial ,NA,24,Fungicide,NO,NO,NA,Environmental,Acute,30,NA,NA,NA,NO,NA,NA,NO,Emulsifiable concentrate ,YES,NA,2024,"Computed from data extracted from figures, taking the growth with control as reference"
106,243,Propiconazole,97.529,EC50,17.226,17.226,SE,3,1,3 independant replicates ,PropiStar,66.116,EC50,4.747,4.747,SE,3,1,3 independant replicates ,3 parameter logistic ,243_ai_a,243_form_d,243_2,1,Bacillus subtilis,Hay bacillus,strain ASF032321,Bacilli,Bacillota,Bacillati ,Terrestrial ,NA,48,Fungicide,NO,NO,NA,Environmental,Acute,30,NA,NA,NA,NO,NA,NA,NO,Emulsifiable concentrate ,YES,NA,2024,"Computed from data extracted from figures, taking the growth with control as reference"
107,243,Metconazole,88.382,EC50,51.983,51.983,SE,3,1,3 independant replicates ,Quash,>150,EC50,NA,NA,NA,3,1,3 independant replicates ,3 parameter logistic ,243_ai_b,243_form_e,243_3,1,Bacillus subtilis,Hay bacillus,strain ASF032321,Bacilli,Bacillota,Bacillati ,Terrestrial ,NA,24,Fungicide,NO,NO,NA,Environmental,Acute,30,NA,NA,NA,NO,NA,NA,YES,Water-dispersible granule,YES,NA,2024,"Computed from data extracted from figures, taking the growth with control as reference"
108,243,Metconazole,>150,EC50,NA,NA,NA,3,1,3 independant replicates ,Quash,29.415,EC50,10.754,10.754,SE,3,1,3 independant replicates ,3 parameter logistic ,243_ai_b,243_form_e,243_3,1,Bacillus subtilis,Hay bacillus,strain ASF032321,Bacilli,Bacillota,Bacillati ,Terrestrial ,NA,48,Fungicide,NO,NO,NA,Environmental,Acute,30,NA,NA,NA,NO,NA,NA,YES,Water-dispersible granule,YES,NA,2024,"Computed from data extracted from figures, taking the growth with control as reference"
109,243,Metconazole,88.382,EC50,51.983,51.983,SE,3,1,3 independant replicates ,Caramba,9.9521,EC50,23.741,23.741,SE,3,1,3 independant replicates ,3 parameter logistic ,243_ai_b,243_form_f,243_4,1,Bacillus subtilis,Hay bacillus,strain ASF032321,Bacilli,Bacillota,Bacillati ,Terrestrial ,NA,24,Fungicide,NO,NO,NA,Environmental,Acute,30,NA,NA,NA,NO,NA,NA,NO,Emulsifiable concentrate ,YES,NA,2024,"Computed from data extracted from figures, taking the growth with control as reference"
110,243,Metconazole,>150,EC50,NA,NA,NA,3,1,3 independant replicates ,Caramba ,20.366,EC50,10.801,10.801,SE,3,1,3 independant replicates ,3 parameter logistic ,243_ai_b,243_form_f,243_4,1,Bacillus subtilis,Hay bacillus,strain ASF032321,Bacilli,Bacillota,Bacillati ,Terrestrial ,NA,48,Fungicide,NO,NO,NA,Environmental,Acute,30,NA,NA,NA,NO,NA,NA,YES,Emulsifiable concentrate ,YES,NA,2024,"Computed from data extracted from figures, taking the growth with control as reference"
111,406,Glyphosate,>10000,EC50,NA,NA,NA,3,1,3 independant replicates ,Roundup Mega,30.394,EC50,189.691,189.691,SE,3,1,3 independant replicates ,4 parameter logistic ,406_ai_a,406_form_b,406_1,1,NA,HMWB cells,Volunteers,NA,NA,NA,NA,NA,4,Herbicide,NO,NO,NA,Environmental,Acute,37,NA,NA,NA,NO,NA,NA,YES,Soluble concentrate,YES,NA,2023,"Computed from data sent by the authors, SE are really big"
112,406,Glyphosate,>10000,EC50,NA,NA,NA,3,1,3 independant replicates ,Roundup Mega,71.164,EC50,147.964,147.964,SE,3,1,3 independant replicates ,4 parameter logistic ,406_ai_a,406_form_b,406_1,1,NA,HMWB cells,Volunteers,NA,NA,NA,NA,NA,20,Herbicide,NO,NO,NA,Environmental,Acute,37,NA,NA,NA,NO,NA,NA,YES,Soluble concentrate,YES,NA,2023,"Computed from data sent by the authors, SE are really big"
113,406,Glyphosate,>10000,EC50,NA,NA,NA,3,1,3 independant replicates ,Fozat 480,55.353,EC50,222.616,222.616,SE,3,1,3 independant replicates ,4 parameter logistic ,406_ai_a,406_form_c,406_2,1,NA,HMWB cells,Volunteers,NA,NA,NA,NA,NA,4,Herbicide,NO,NO,NA,Environmental,Acute,37,NA,NA,NA,NO,NA,NA,YES,Soluble concentrate,YES,NA,2023,"Computed from data sent by the authors, SE are really big"
114,406,Glyphosate,>10000,EC50,NA,NA,NA,3,1,3 independant replicates ,Fozat 480,65.613,EC50,182.515,182.515,SE,3,1,3 independant replicates ,4 parameter logistic ,406_ai_a,406_form_c,406_2,1,NA,HMWB cells,Volunteers,NA,NA,NA,NA,NA,20,Herbicide,NO,NO,NA,Environmental,Acute,37,NA,NA,NA,NO,NA,NA,YES,Soluble concentrate,YES,NA,2023,"Computed from data sent by the authors, SE are really big"
115,406,Glyphosate,>10000,EC50,NA,NA,NA,3,1,3 independant replicates ,Glyfos ,60.797,EC50,84.678,84.678,SE,3,1,3 independant replicates ,4 parameter logistic ,406_ai_a,406_form_d,406_3,1,NA,HMWB cells,Volunteers,NA,NA,NA,NA,NA,4,Herbicide,NO,NO,NA,Environmental,Acute,37,NA,NA,NA,NO,NA,NA,YES,Liquid,YES,NA,2023,"Computed from data sent by the authors, SE are really big"
116,406,Glyphosate,>10000,EC50,NA,NA,NA,3,1,3 independant replicates ,Glyfos ,48.49,EC50,228.93,228.93,SE,3,1,3 independant replicates ,4 parameter logistic ,406_ai_a,406_form_d,406_3,1,NA,HMWB cells,Volunteers,NA,NA,NA,NA,NA,20,Herbicide,NO,NO,NA,Environmental,Acute,37,NA,NA,NA,NO,NA,NA,YES,Liquid,YES,NA,2023,"Computed from data sent by the authors, SE are really big"
117,628,Glyphosate,500,IC50,NA,NA,NA,5,1,Each data points at least 5 measurements ,Liquidator ,400,IC50,140,140,SE,5,1,Each data points at least 5 measurements ,Not mentionned,628_ai_a,628_form_b,628_1,1,Photobacterium phosphoreum,NA,Museum at the IBP SB RAS,Gammaproteobacteria,Proteobacteria,Pseudomonadati,Aquatic,NA,0,Herbicide,NO,NO,NA,Environmental,Acute,NA,NA,NA,NA,NO,NA,NA,YES,Soluble concentrate,YES,NA,2023,Additionnal data sent by authors
118,628,Glyphosate,500,IC50,NA,NA,NA,5,1,Each data points at least 5 measurements ,Tornado Extra,400,IC50,152,152,SE,5,1,Each data points at least 5 measurements ,Not mentionned,628_ai_a,628_form_c,628_2,1,Photobacterium phosphoreum,NA,Museum at the IBP SB RAS,Gammaproteobacteria,Proteobacteria,Pseudomonadati,Aquatic,NA,0,Herbicide,NO,NO,NA,Environmental,Acute,NA,NA,NA,NA,NO,NA,NA,YES,UNSURE,YES,NA,2023,Additionnal data sent by authors
