DATA_ID,STUDY_ID,AI_NAME,AI_50,AI_50_TYPE,FORM_NAME,FORM_50,COMMON_CONTROL_1,COMMON_CONTROL_2,MULTIPLE_MEASUREMENT,SPECIES_NAME_BINOMIAL,SPECIES_NAME_COMMON,EXPOSURE_DURATION_HOURS,PESTICIDE_CLASS,EXPOSURE_ROUTE,ACUTE_CHRONIC_TOXICITY,FORMULATION_TYPE,FORMULATION_EXPRESSED_IN_AI_CONC,FORMULATION_VALUE_ADJUSTED,YEAR_PUBLISHED,NOTES
1,1444,Rimsulfuron,>1000,LC50,Rimsulfuron 25WG,>250,1444_a,1444_a,1444_1,,Earthworm,,Herbicide,,Acute,Water dispersible granule ,YES,NA,2005,
2,1439,Glufonisate-ammonium,710,LC50,SL18,1.9,1439_a,1439_a,1439_1,Oncorhynchus mykiss,Rainbow trout ,96,Herbicide,,Acute,Soluble Concentrate,YES,NA,,
3,1439,Glufonisate-ammonium,668,EC50,SL14,2.7,1439_b,1439_c,1439_2,Oncorhynchus mykiss,Rainbow trout ,48,Herbicide,,Acute,Soluble Concentrate,YES,NA,,
4,1439,Glufonisate-ammonium,668,EC50,SL18,2.5,1439_b,1439_d,1439_3,Daphnia magna,Water flea,48,Herbicide,,Acute,Soluble Concentrate,YES,NA,,
5,1439,Glufonisate-ammonium,>600,LD50,SL14,46,1439_e,1439_f,1439_4,Apis mellifera,Honeybee,,Herbicide,Oral,Acute,Soluble Concentrate,YES,NA,,
6,1439,Glufonisate-ammonium,>600,LD50,SL18,>100,1439_e,1439_g,1439_5,Apis mellifera,Honeybee,,Herbicide,Oral,Acute,Soluble Concentrate,YES,NA,,
7,1439,Glufonisate-ammonium,>345,LD50,SL14,154,1439_h,1439_i,1439_6,Apis mellifera,Honeybee,,Herbicide,Contact,Acute,Soluble Concentrate,YES,NA,,
8,1439,Glufonisate-ammonium,>345,LD50,SL18,>100,1439_h,1439_j,1439_7,Apis mellifera,Honeybee,,Herbicide,Contact,Acute,Soluble Concentrate,YES,NA,,
9,1439,Glufonisate-ammonium,>1000,LC50,SL14,>150,1439_k,1439_l,1439_8,,Earthworm,336,Herbicide,,Acute,Soluble Concentrate,NO,YES,,
10,1439,Glufonisate-ammonium,>1000,LC50,SL18,>200,1439_k,1439_l,1439_9,,Earthworm,336,Herbicide,,Acute,Soluble Concentrate,NO,YES,,
11,1437,Trifluralin,>5000,LD50,Treflan,>919,1437_a,1437_a,1437_1,,Rat,,Herbicide,,Acute,Emusifiable Concentrate,YES,NA,,
12,1437,Trifluralin,0.088,LC50,Treflan,0.205,1437_b,1437_b,1437_2,Oncorhynchus mykiss,Rainbow trout ,96,Herbicide,,Acute,Emusifiable Concentrate,UNSURE,,,
13,1437,Trifluralin,0.245,EC50,Treflan,0.299,1437_c,1437_c,1437_3,Daphnia magna,Water flea,48,Herbicide,,Acute,Emusifiable Concentrate,UNSURE,,,
14,1437,Trifluralin,0.0122,EC50,Treflan,0.178,1437_d,1437_d,1437_4,Selenastrum capricornutum,,96,Herbicide,,Chronic,Emusifiable Concentrate,UNSURE,,,
15,1437,Trifluralin,>100,LD50,Treflan,>80,1437_e,1437_e,1437_5,Apis mellifera,Honeybee,,Herbicide,Oral,Acute,Emusifiable Concentrate,YES,NA,,
16,1437,Trifluralin,>100,LD50,Treflan,>100,1437_f,1437_f,1437_6,Apis mellifera,Honeybee,,Herbicide,Contact,Acute,Emusifiable Concentrate,YES,NA,,
17,1437,Trifluralin,>500,LC50,Treflan,>240,1437_g,1437_g,1437_7,,Earthworm,,Herbicide,,Acute,Emusifiable Concentrate,YES,NA,,
18,1438,Tolylfluanid,>197,LD50,Euparen M WG 50,>222,1438_a,1438_a,1438_1,Apis mellifera,Honeybee,,Fungicide,Oral,Acute,Water dispersible granule ,YES,NA,,
19,1438,Tolylfluanid,>196,LD50,Euparen M WG 50,>200,1438_b,1438_b,1438_2,Apis mellifera,Honeybee,,Fungicide,Contact,Acute,Water dispersible granule ,YES,NA,,
20,1438,Tolylfluanid,>1000,LC50,Euparen M WG 50,>961,1438_c,1438_c,1438_3,,Earthworm,,Fungicide,,Acute,Water dispersible granule ,YES,NA,,
21,1445,Tolclofos-methyl,>5000,LD50,Rizolex 50 WP,>3777,1445_a,1445_a,1445_1,Colinus virginianus,Bobwhite quail ,,Fungicide,,Acute,Wettable Powder,YES,NA,,
22,1445,Tolclofos-methyl,48,EC50,Rizolex 50 WP,30,1445_b,1445_b,1445_2,Daphnia magna,Water flea,48,Fungicide,,Acute,Wettable Powder,UNSURE,,,
23,1445,Tolclofos-methyl,0.69,LC50,Rizolex 50 WP,26,1445_c,1445_c,1445_3,Oncorhynchus mykiss,Rainbow trout ,96,Fungicide,,Acute,Wettable Powder,UNSURE,,,
24,1445,Tolclofos-methyl,>1.1,EC50,Rizolex 50 WP,>1.7,1445_d,1445_d,1445_4,Scenedesmus subspicatus,,72,Fungicide,,Acute,Wettable Powder,UNSURE,,,
25,1445,Tolclofos-methyl,>500,LC50,25SC,>500,1445_e,1445_g,1445_5,,Earthworm,,Fungicide,,Acute,Soluble Concentrate,YES,NA,,
26,1445,Tolclofos-methyl,>500,LC50,10Dust,>500,1445_e,1445_f,1445_6,,Earthworm,,Fungicide,,Acute,Powder,YES,NA,,
27,1447,Triticonazole,>3.6,LC50,CRLD 001002,0.89,1447_a,1447_a,1447_1,Oncorhynchus mykiss,Rainbow trout ,96,Fungicide,,Acute,UNSURE,YES,NA,,
28,1447,Triticonazole,9,EC50,EXP 10642A,0.78,1447_b,1447_b,1447_2,Daphnia magna,Water flea,48,Fungicide,,Acute,UNSURE,YES,NA,,
29,1447,Triticonazole,>1000,LC50,EXP 80472B,>1000,1447_c,1447_c,1447_3,,Earthworm,,Fungicide,,Acute,UNSURE,UNSURE,,,
30,1446,Clodinafop-propargyl,1392,LD50,TOPIK 100EC,234,1446_a,1446_a,1446_1,,Mammals,,Herbicide,,Acute,Emusifiable Concentrate,YES,NA,,
31,1446,Clodinafop-propargyl,>93.7,LD50,TOPIK 100EC,17.8,1446_b,1446_b,1446_2,Apis mellifera,Honeybee,,Herbicide,Oral,Acute,Emusifiable Concentrate,YES,NA,,
32,1446,Clodinafop-propargyl,197,LC50,TOPIK 100EC,28.3,1446_c,1446_c,1446_3,,Earthworm,,Herbicide,,Acute,Emusifiable Concentrate,YES,NA,,
33,1443,Pirimiphos-methyl,0.404,LC50,Actellic 50EC,0.266,1443_a,1443_a,1443_1,Oncorhynchus mykiss,Rainbow trout ,96,Insecticide,,Acute,Emusifiable Concentrate,YES,NA,,
34,1443,Pirimiphos-methyl,0.00021,EC50,Actellic 50EC,0.00025,1443_b,1443_b,1443_2,Daphnia magna,Water flea,48,Insecticide,,Acute,Emusifiable Concentrate,YES,NA,,
35,1443,Pirimiphos-methyl,1.4,LC50,Actellic 50EC,0.76,1443_c,1443_c,1443_3,Cyrpinus carpio,,96,Insecticide,,Acute,Emusifiable Concentrate,YES,NA,,
36,1442,Pirimicarb,0.017,EC50,Pirimor,0.024,1442_a,1442_a,1442_1,Daphnia magna,Water flea,48,Insecticide,,Acute,Water dispersible granule ,UNSURE,,,
37,1442,Pirimicarb,4,LD50,Pirimor,14,1442_b,1442_b,1442_2,Apis mellifera,Honeybee,24,Insecticide,Oral,Acute,Water dispersible granule ,YES,NA,,
38,1449,Thiodicarb,0.027,EC50,Larvin,0.109,1449_a,1449_a,1449_1,Daphnia magna,Water flea,48,Insecticide,,Acute,Soluble Concentrate,NO,YES,,
39,1449,Thiodicarb,38.5,LC50,Larvin,90.3,1449_b,1449_b,1449_2,,Earthworm,,Insecticide,,Acute,Soluble Concentrate,YES,NA,,
40,1448,Trinexapac-ethyl,>142.5,EC50,Moddus 250 EC,0.73,1448_a,1448_a,1448_1,Daphnia magna,Water flea,48,Plant growth regulator,,Acute,Emusifiable Concentrate,YES,NA,,
41,1448,Trinexapac-ethyl,8.8,EC50,Moddus 250 EC,5.5,1448_b,1448_b,1448_2,Lemna gibba,,168,Plant growth regulator,,Acute,Emusifiable Concentrate,YES,NA,,
42,1451,Metrafenone,>0.82,LC50,BAS 560 00F,>28.2,1451_a,1451_b,1451_1,Oncorhynchus mykiss,Rainbow trout ,96,Fungicide,,Acute,Suspension Concentrate,NO,YES,,
43,1451,Metrafenone,>0.82,LC50,BAS 560 02F,>57.2,1451_a,1451_c,1451_2,Oncorhynchus mykiss,Rainbow trout ,96,Fungicide,,Acute,Suspension Concentrate,NO,YES,,
44,1451,Metrafenone,>0.92,EC50,BAS 560 00F,6,1451_d,1451_e,1451_3,Daphnia magna,Water flea,48,Fungicide,,Acute,Suspension Concentrate,NO,YES,,
45,1451,Metrafenone,>0.92,EC50,BAS 560 02F,>1.09,1451_d,1451_f,1451_4,Daphnia magna,Water flea,48,Fungicide,,Acute,Suspension Concentrate,NO,YES,,
46,1451,Metrafenone,>0.87,EC50,BAS 560 00F,6.3,1451_g,1451_h,1451_5,Selenastrum capricornutum,,72,Fungicide,,Acute,Suspension Concentrate,NO,YES,,
47,1451,Metrafenone,>0.87,EC50,BAS 560 02F,>1.24,1451_g,1451_i,1451_6,Selenastrum capricornutum,,72,Fungicide,,Acute,Suspension Concentrate,NO,YES,,
48,1451,Metrafenone,>114,LD50,BAS 560 00F,>32.7,1451_j,1451_k,1451_7,Apis mellifera,Honeybee,,Fungicide,Oral,Acute,Suspension Concentrate,YES,NA,,
49,1451,Metrafenone,>114,LD50,BAS 560 02F,>58.3,1451_j,1451_l,1451_8,Apis mellifera,Honeybee,,Fungicide,Contact,Acute,Suspension Concentrate,YES,NA,,
50,1451,Metrafenone,>100,LD50,BAS 560 00F,>28.8,1451_m,1451_n,1451_9,Apis mellifera,Honeybee,,Fungicide,Oral ,Acute,Suspension Concentrate,YES,NA,,
51,1451,Metrafenone,>100,LD50,BAS 560 02F,>48.9,1451_m,1451_o,1451_10,Apis mellifera,Honeybee,,Fungicide,Contact,Acute,Suspension Concentrate,YES,NA,,
52,1451,Metrafenone,>500,LC50,BAS 560 00F,>150,1451_p,1451_q,1451_11,,Earthworm,,Fungicide,,Acute,Suspension Concentrate,YES,NA,,
53,1451,Metrafenone,>500,LC50,BAS 560 02F,>250,1451_p,1451_r,1451_12,,Earthworm,,Fungicide,,Acute,Suspension Concentrate,YES,NA,,
54,1452,Fenitrothion,330,LD50,IPM 400,8800,1452_a,1452_a,1452_1,,Mammals,,Insecticide,,Acute,Capsule Suspension Concentrate,YES,NA,,
55,1452,Fenitrothion,23,LD50,IPM 400,47.1,1452_b,1452_b,1452_2,,Birds,,Insecticide,Oral,Chronic,Capsule Suspension Concentrate,YES,NA,,
56,1452,Fenitrothion,1.3,LC50,IPM 400,>2.1,1452_c,1452_c,1452_3,Oncorhynchus mykiss,Rainbow trout ,96,Insecticide,,Acute,Capsule Suspension Concentrate,YES,NA,,
57,1452,Fenitrothion,0.2,LD50,IPM 400,16.48,1452_d,1452_d,1452_4,Apis mellifera,Honeybee,,Insecticide,Oral,Acute,Capsule Suspension Concentrate,YES,NA,,
58,1452,Fenitrothion,0.16,LD50,IPM 400,9.38,1452_e,1452_e,1452_5,Apis mellifera,Honeybee,,Insecticide,Contact,Acute,Capsule Suspension Concentrate,YES,NA,,
59,1453,Pyrimethanil,10.56,LC50,Scala,19,1453_a,1453_a,1453_1,Oncorhynchus mykiss,Rainbow trout ,96,Fungicide,,Acute,Suspension Concentrate,UNSURE,,,
60,1453,Pyrimethanil,2.9,EC50,Scala,3.8,1453_b,1453_b,1453_2,Daphnia magna,Water flea,48,Fungicide,,Acute,Suspension Concentrate,UNSURE,,,
61,1453,Pyrimethanil,5.84,EC50,Scala,13.1,1453_c,1453_c,1453_3,,Green alga,96,Fungicide,,Acute,Suspension Concentrate,UNSURE,,,
62,1453,Pyrimethanil,>100,LD50,Scala,>80,1453_d,1453_d,1453_4,Apis mellifera,Honeybee,,Fungicide,Oral,Acute,Suspension Concentrate,NO,YES,,
63,1453,Pyrimethanil,>100,LD50,Scala,>80,1453_e,1453_e,1453_5,Apis mellifera,Honeybee,,Fungicide,Contact,Acute,Suspension Concentrate,NO,YES,,
64,1453,Pyrimethanil,313,LC50,Scala,>187,1453_f,1453_f,1453_6,,Earthworm,336,Fungicide,,Acute,Suspension Concentrate,YES,NA,,
65,1454,Malathion,359,LD50,Fyfanon,214,1454_a,1454_a,1454_1,Colinus virginianus,Bobwhite quail ,,Insecticide,,Acute,Oil in water emulsion,YES,NA,,
66,1454,Malathion,0.022,LC50,Fyfanon,0.053,1454_b,1454_b,1454_2,,Fish,96,Insecticide,,Acute,Oil in water emulsion,UNSURE,,,
67,1454,Malathion,0.00072,EC50,Fyfanon,0.0018,1454_c,1454_c,1454_3,Daphnia magna,Water flea,48,Insecticide,,Acute,Oil in water emulsion,UNSURE,,,
68,1454,Malathion,306,LC50,Fyfanon,58,1454_d,1454_d,1454_4,,Earthworm,336,Insecticide,,Acute,Oil in water emulsion,YES,NA,,
69,1450,Metconazole,4.2,EC50,Caramba 60 SL,0.365,1450_a,1450_a,1450_1,Daphnia magna,Water flea,48,Fungicide,,Acute,Soluble Concentrate,YES,NA,,
70,1450,Metconazole,1.7,EC50,Caramba 60 SL,5.13,1450_b,1450_b,1450_2,Selenastrum capricornutum,,72,Fungicide,,Acute,Soluble Concentrate,YES,NA,,
71,1457,Fipronil,>1000,LC50,Regent 500FS,>1000,1457_a,1457_a,1457_1,,Earthworm,,Insecticide,,Acute,Flowable concentrate,UNSURE,,,
72,1455,Ethoprophos,47,LD50,Mocap 10G,32.9,1455_a,1455_a,1455_1,,Rat,,Insecticide,,Acute,Granule,YES,NA,,
73,1458,Cadusafos,16.1,LD50,Rugby 200CS,20.52,1458_a,1458_a,1458_1,Colinus virginianus,Bobwhite quail ,,Insecticide,Oral,Acute,Capsule Suspension,UNSURE,,,
74,1458,Cadusafos,130,LC50,Rugby 200CS,900,1458_b,1458_b,1458_2,Oncorhynchus mykiss,Rainbow trout ,96,Insecticide,,Acute,Capsule Suspension,UNSURE,,,
75,1458,Cadusafos,0.75,LC50,Rugby 200CS,0.22,1458_c,1458_c,1458_3,Daphnia magna,Water flea,48,Insecticide,,Acute,Capsule Suspension,UNSURE,,,
76,1465,Formetanate hydrochloride,1.3,EC50,Dicarzol 500 SG,0.6,1465_a,1465_a,1465_1,Selenastrum capricornutum,,72,Insecticide,,Acute,Water soluble granule ,NO,YES,,
77,1463,Phosmet ,0.23,LC50,Imidan 50 WP,0.073,1463_a,1463_a,1463_1,Oncorhynchus mykiss,Rainbow trout ,96,Insecticide,,Acute,Wettable Powder,UNSURE,,,
78,1463,Phosmet ,0.51,EC50,Imidan 50 WP,1.795,1463_b,1463_b,1463_2,,Algae,72,Insecticide,,Acute,Wettable Powder,UNSURE,,,
79,1463,Phosmet ,0.0021,EC50,Imidan 50 WP,0.0022,1463_c,1463_c,1463_3,Daphnia magna,Water flea,48,Insecticide,,Acute,Wettable Powder,UNSURE,,,
80,1462,Carbaryl,614,LD50,Sevin XLR Plus,300,1462_a,1462_a,1462_1,,Rat,,Plant growth regulator,,Acute,Suspension Concentrate,YES,NA,,
81,1462,Carbaryl,>0.21,LD50,Sevin XLR Plus,>0.69,1462_b,1462_b,1462_2,Apis mellifera,Honeybee,72,Plant growth regulator,Oral,Acute,Suspension Concentrate,YES,NA,,
82,1462,Carbaryl,0.14,LD50,Sevin XLR Plus,>1.69,1462_c,1462_c,1462_3,Apis mellifera,Honeybee,72,Plant growth regulator,Contact,Acute,Suspension Concentrate,YES,NA,,
83,1467,Dimethomorph,3900,LD50,Forum,135,1467_a,1467_a,1467_1,,Mammals,,Fungicide,,Acute,Dispersible Concentrate,YES,NA,,
84,1467,Dimethomorph,>2000,LD50,Forum,186,1467_b,1467_b,1467_2,Colinus virginianus,Bobwhite quail ,,Fungicide,,Acute,Dispersible Concentrate,YES,NA,,
85,1467,Dimethomorph,3.4,LC50,Forum,2.64,1467_c,1467_c,1467_3,Oncorhynchus mykiss,Rainbow trout ,96,Fungicide,,Acute,Dispersible Concentrate,UNSURE,,,
86,1467,Dimethomorph,>32.4,LD50,Forum,>74.4,1467_d,1467_d,1467_4,Apis mellifera,Honeybee,48,Fungicide,Oral ,Acute,Dispersible Concentrate,UNSURE,,,
87,1467,Dimethomorph,>102,LD50,Forum,>100,1467_e,1467_e,1467_5,Apis mellifera,Honeybee,48,Fungicide,Contact,Acute,Dispersible Concentrate,UNSURE,,,
88,1467,Dimethomorph,>500,LC50,Forum,99.5,1467_f,1467_f,1467_6,,Earthworm,,Fungicide,,Acute,Dispersible Concentrate,YES,NA,,
89,1471,Methomyl,30,LD50,Methomyl 20SL,27.35,1471_a,1471_a,1471_1,,Mammals,,Insecticide,,Acute,Soluble Concentrate,YES,NA,,
90,1471,Methomyl,24.2,LD50,Methomyl 20SL,30.4,1471_b,1471_b,1471_2,Colinus virginianus,Bobwhite quail ,,Insecticide,,Acute,Soluble Concentrate,UNSURE,,,
91,1471,Methomyl,0.63,LC50,Methomyl 20SL,1.1,1471_c,1471_c,1471_3,Lepomis macrochirus,Bluegill sunfish,96,Insecticide,,Acute,Soluble Concentrate,UNSURE,,,
92,1471,Methomyl,0.28,LD50,Methomyl 20SL,0.2,1471_d,1471_d,1471_4,Apis mellifera,Honeybee,48,Insecticide,Oral,Acute,Soluble Concentrate,YES,NA,,
93,1471,Methomyl,0.16,LD50,Methomyl 20SL,0.17,1471_e,1471_e,1471_5,Apis mellifera,Honeybee,48,Insecticide,Contact,Acute,Soluble Concentrate,YES,NA,,
94,1469,Dimethoate,2,EC50,Dimethoate 400 EC,2.2,1469_a,1469_a,1469_1,Daphnia magna,Water flea,48,Insecticide,,Acute,Emusifiable Concentrate,YES,NA,,
95,1469,Dimethoate,90.4,EC50,Dimethoate 400 EC,93.3,1469_b,1469_b,1469_2,Selenastrum capricornutum,,72,Insecticide,,Acute,Emusifiable Concentrate,YES,NA,,
96,1469,Dimethoate,31,LC50,Dimethoate 400 EC,84.5,1469_c,1469_c,1469_3,,Earthworm,336,Insecticide,,Acute,Emusifiable Concentrate,YES,NA,,
97,1472,Diazinon,0.09,LD50,Diazol 60 EC,0.13,1472_a,1472_a,1472_1,Apis mellifera,Honeybee,48,Insecticide,,Acute,Emusifiable Concentrate,YES,NA,,
98,1472,Diazinon,0.13,LD50,Diazol 60 EC,0.63,1472_b,1472_b,1472_2,Apis mellifera,Honeybee,48,Insecticide,,Acute,Emusifiable Concentrate,YES,NA,,
99,1470,Oxydemeton-methyl,34,LD50,Metasystox 250 EC,16.24,1470_a,1470_a,1470_1,Colinus virginianus,Bobwhite quail ,,Insecticide,,Acute,Emusifiable Concentrate,YES,NA,,
100,1470,Oxydemeton-methyl,0.11,EC50,Metasystox 250 EC,0.34,1470_b,1470_b,1470_2,Daphnia magna,Water flea,48,Insecticide,,Acute,Emusifiable Concentrate,YES,NA,,
101,1470,Oxydemeton-methyl,115,LC50,Metasystox 250 EC,80,1470_c,1470_c,1470_3,,Earthworm,336,Insecticide,,Acute,Emusifiable Concentrate,YES,NA,,
102,1570,Haloxyfop-R methyl ester,>12.3,EC50,EF-1400,1.56,1474_b,1474_b,1474_2,Daphnia magna,Water flea,48,Herbicide,,Acute,Emusifiable Concentrate,YES,NA,,
103,1570,Haloxyfop-R methyl ester,3.1,EC50,EF-1400,23.4,1474_d,1474_d,1474_4,Lemna minor,,336,Herbicide,,Acute,Emusifiable Concentrate,NO,YES,,
104,1570,Haloxyfop-R methyl ester,672,LC50,EF-1400,40.6,1474_g,1474_g,1474_7,,Earthworm,,Herbicide,,Acute,Emusifiable Concentrate,YES,NA,,
105,1475,Metribuzin,74.6,LC50,Mistral,134.2,1475_a,1475_a,1475_1,Oncorhynchus mykiss,Rainbow trout ,96,Herbicide,,Acute,Water dispersible granule ,UNSURE,,,
106,1475,Metribuzin,49,EC50,Mistral,58,1475_b,1475_b,1475_2,Daphnia magna,Water flea,48,Herbicide,,Acute,Water dispersible granule ,UNSURE,,,
107,1475,Metribuzin,0.02,EC50,Mistral,0.04,1475_c,1475_c,1475_3,Scenedesmus subspicatus,,72,Herbicide,,Acute,Water dispersible granule ,UNSURE,,,
108,1475,Metribuzin,166,LD50,Mistral,37.1,1475_d,1475_e,1475_4,Apis mellifera,Honeybee,,Herbicide,Oral,Acute,Water dispersible granule ,YES,NA,,
109,1475,Metribuzin,166,LD50,Metribuzin 70 WG,134,1475_d,1475_f,1475_5,Apis mellifera,Honeybee,,Herbicide,Oral,Acute,Water dispersible granule ,YES,NA,,
110,1475,Metribuzin,200,LD50,Mistral,200,1475_g,1475_h,1475_6,Apis mellifera,Honeybee,,Herbicide,Contact,Acute,Water dispersible granule ,YES,NA,,
111,1475,Metribuzin,200,LD50,Metribuzin 70 WG,700,1475_g,1475_i,1475_7,Apis mellifera,Honeybee,,Herbicide,Contact,Acute,Water dispersible granule ,YES,NA,,
112,1569,Carbosulfan,10,LD50,Marshal 25CS,12,1477_a,1477_a,1477_1,Anas platyrhynchos,,,Insecticide,,Acute,Granule,UNSURE,,,
113,1569,Carbosulfan,0.0015,EC50,Marshal 10G,0.00105,1477_b,1477_c,1477_2,Daphnia magna,Water flea,48,Insecticide,,Acute,Granule,YES,NA,,
114,1569,Carbosulfan,0.0015,EC50,Marshal 25CS,0.00104,1477_b,1477_d,1477_3,Daphnia magna,Water flea,48,Insecticide,,Acute,Granule,YES,NA,,
115,1479,Spriromesifen,0.016,LC50,Oberon SC 240,0.105,1479_a,1479_a,1479_1,Oncorhynchus mykiss,Rainbow trout ,96,Insecticide,,Acute,Suspension Concentrate,YES,NA,,
116,1479,Spriromesifen,>0.034,LC50,Oberon SC 240,0.057,1479_b,1479_b,1479_2,Lepomis macrochirus,,96,Insecticide,,Acute,Suspension Concentrate,YES,NA,,
117,1479,Spriromesifen,>0.092,EC50,Oberon SC 240,15.9,1479_c,1479_c,1479_3,Daphnia magna,Water flea,48,Insecticide,,Acute,Suspension Concentrate,YES,NA,,
118,1479,Spriromesifen,>0.094,EC50,Oberon SC 240,>1.48,1479_d,1479_d,1479_4,Pseudokirchneriella subcapitata,,72,Insecticide,,Acute,Suspension Concentrate,YES,NA,,
119,1479,Spriromesifen,792.4,LD50,Oberon SC 240,>60.2,1479_e,1479_e,1479_5,Apis mellifera,Honeybee,,Insecticide,Oral,Acute,Suspension Concentrate,YES,NA,,
120,1479,Spriromesifen,>200,LD50,Oberon SC 240,>200,1479_f,1479_f,1479_6,Apis mellifera,Honeybee,,Insecticide,Contact,Acute,Suspension Concentrate,YES,NA,,
121,1479,Spriromesifen,>1000,LC50,Oberon SC 240,>1000,1479_g,1479_g,1479_7,,Earthworm,,Insecticide,,Acute,Suspension Concentrate,YES,NA,,
122,1483,Benthiavalicarb-isopropyl,>10,LC50,KIF-230 15% WG,>15,1483_a,1483_a,1483_1,Oncorhynchus mykiss,Rainbow trout ,96,Fungicide,,Acute,Water dispersible granule ,NO,YES,,
123,1483,Benthiavalicarb-isopropyl,>10,EC50,KIF-230 15% WG,>15,1483_b,1483_b,1483_2,Daphnia magna,Water flea,48,Fungicide,,Acute,Water dispersible granule ,NO,YES,,
124,1483,Benthiavalicarb-isopropyl,>10,EC50,KIF-230 15% WG,>15,1483_c,1483_c,1483_3,Pseudokirchneriella subcapitata,,72,Fungicide,,Acute,Water dispersible granule ,NO,YES,,
125,1483,Benthiavalicarb-isopropyl,>100,LD50,KIF-230 15% WG,>100,1483_d,1483_d,1483_4,Apis mellifera,Honeybee,,Fungicide,Oral,Acute,Water dispersible granule ,YES,NA,,
126,1483,Benthiavalicarb-isopropyl,>100,LD50,KIF-230 15% WG,>100,1483_e,1483_e,1483_5,Apis mellifera,Honeybee,,Fungicide,Contact,Acute,Water dispersible granule ,YES,NA,,
127,1482,Clomazone,12.7,EC50,Command 360 CS,155.7,1482_a,1482_a,1482_1,Daphnia magna,Water flea,48,Herbicide,,Acute,Capsule Suspension,YES,NA,,
128,1482,Clomazone,34,EC50,Command 360 CS,357,1482_b,1482_b,1482_2,Lemna gibba,,168,Herbicide,,Acute,Capsule Suspension,YES,NA,,
129,1482,Clomazone,4.1,EC50,Command 360 CS,116.1,1482_c,1482_c,1482_3,Pseudokirchneriella subcapitata,,72,Herbicide,,Acute,Capsule Suspension,YES,NA,,
130,1484,Fludioxonil,>5000,LD50,Celest 025 FS,>3000,1484_a,1484_a,1484_1,,Mammals,,Fungicide,,Acute,Suspension Concentrate,YES,NA,,
131,1484,Fludioxonil,0.23,LC50,Celest 025 FS,0.583,1484_b,1484_b,1484_2,Oncorhynchus mykiss,Rainbow trout ,96,Fungicide,,Acute,Suspension Concentrate,YES,NA,,
132,1481,Prosulfocarb,0.51,EC50,A-8545 C ,0.42,1481_a,1481_a,1481_1,Daphnia magna,Water flea,48,Herbicide,,Acute,UNSURE,YES,NA,,
133,1481,Prosulfocarb,0.12,EC50,80% EC,0.114,1481_b,1481_b,1481_2,Pseudokirchneriella subcapitata,,72,Herbicide,,Acute,Emusifiable Concentrate,YES,NA,,
134,1481,Prosulfocarb,>80,LD50,SF245,>79.3,1481_c,1481_c,1481_3,Apis mellifera,Honeybee,,Herbicide,Contact,Acute,UNSURE,YES,NA,,
135,1481,Prosulfocarb,71.8,LC50,80EW,>54.5,1481_d,1481_e,1481_4,Eisenia foetida,Earthworm,336,Herbicide,,Acute,UNSURE,YES,NA,,
136,1481,Prosulfocarb,71.8,LC50,80EC,>3,1481_d,1481_f,1481_5,Eisenia foetida,Earthworm,336,Herbicide,,Acute,Emusifiable Concentrate,YES,NA,,
137,1486,Quinoclamine,>2000,LD50,Mogeton,>500,1486_a,1486_a,1486_1,,Birds,,Herbicide,,Acute,Wettable Powder,YES,NA,,
138,1486,Quinoclamine,394,LD50,Mogeton,>206,1486_b,1486_b,1486_2,,Birds,,Herbicide,,Short-term,Wettable Powder,YES,NA,,
139,1486,Quinoclamine,500,LD50,Mogeton,>1250,1486_c,1486_c,1486_3,,Mammals,,Herbicide,,Acute,Wettable Powder,YES,NA,,
140,1486,Quinoclamine,0.063,LC50,Mogeton,0.12,1486_d,1486_d,1486_4,Oncorhynchus mykiss,Rainbow trout ,96,Herbicide,,Acute,Wettable Powder,YES,NA,,
141,1486,Quinoclamine,2.15,EC50,Mogeton,0.93,1486_e,1486_e,1486_5,Daphnia magna,Water flea,48,Herbicide,,Acute,Wettable Powder,YES,NA,,
142,1486,Quinoclamine,0.022,EC50,Mogeton,0.022,1486_f,1486_f,1486_6,Scenedesmus subspicatus,,72,Herbicide,,Acute,Wettable Powder,YES,NA,,
143,1486,Quinoclamine,187,LC50,Mogeton,230,1486_g,1486_g,1486_7,Eisenia foetida,Earthworm,336,Herbicide,,Acute,Wettable Powder,YES,NA,,
144,1485,Fenoxaprop-P-ethyl,>3150,LD50,Puma S69,>2769,1485_a,1485_a,1485_1,,Rat,,Herbicide,,Acute,Oil in water emulsion,NO,YES,,
145,1485,Fenoxaprop-P-ethyl,>199,LD50,Puma S69,23.2,1485_b,1485_b,1485_2,Apis mellifera,Honeybee,,Herbicide,Oral,Acute,Oil in water emulsion,YES,NA,,
146,1485,Fenoxaprop-P-ethyl,>200,LD50,Puma S69,>36.4,1485_c,1485_c,1485_3,Apis mellifera,Honeybee,,Herbicide,Contact,Acute,Oil in water emulsion,YES,NA,,
147,1489,Amidosulfuron,>2000,LD50,Gratil,>2000,1489_a,1489_a,1489_1,Coturnix japonica,Japanese quail,,Herbicide,,Acute,Water dispersible granule ,UNSURE,,,
148,1489,Amidosulfuron,>320,LC50,Gratil,113.9,1489_b,1489_b,1489_2,Oncorhynchus mykiss,Rainbow trout ,96,Herbicide,,Acute,Water dispersible granule ,YES,NA,,
149,1489,Amidosulfuron,36,EC50,Gratil,141.9,1489_c,1489_c,1489_3,Daphnia magna,Water flea,48,Herbicide,,Acute,Water dispersible granule ,YES,NA,,
150,1489,Amidosulfuron,47,EC50,Gratil,25.8,1489_d,1489_d,1489_4,Scenedesmus subspicatus,,72,Herbicide,,Acute,Water dispersible granule ,YES,NA,,
151,1489,Amidosulfuron,0.0092,EC50,Gratil,0.00765,1489_e,1489_e,1489_5,Lemna gibba,,118,Herbicide,,Acute,Water dispersible granule ,YES,NA,,
152,1489,Amidosulfuron,>1000,LC50,Gratil,>750,1489_f,1489_f,1489_6,Eisenia foetida,Earthworm,336,Herbicide,,Acute,Water dispersible granule ,YES,NA,,
153,1491,Nicosulfuron,>2000,LD50,SL-950 4% SC,>2000,1491_a,1491_a,1491_1,Colinus virginianus,Bobwhite quail ,,Herbicide,,Acute,Oil dispersion,UNSURE,,,
154,1491,Nicosulfuron,>2000,LD50,SL-950 4% SC,>2000,1491_b,1491_b,1491_2,Anas platyrhynchos,Mallard duck,,Herbicide,,Acute,Oil dispersion,UNSURE,,,
155,1491,Nicosulfuron,65.7,LC50,SL-950 4% SC,3.1,1491_c,1491_c,1491_3,Oncorhynchus mykiss,Rainbow trout ,96,Herbicide,,Acute,Oil dispersion,YES,NA,,
156,1491,Nicosulfuron,90,EC50,SL-950 4% SC,3.3,1481_d,1481_d,1491_4,Daphnia magna,Water flea,48,Herbicide,,Acute,Oil dispersion,YES,NA,,
157,1491,Nicosulfuron,0.0027,EC50,SL-950 4% SC,0.0042,1481_e,1481_e,1491_5,Lemna gibba,,118,Herbicide,,Acute,Oil dispersion,YES,NA,,
158,1491,Nicosulfuron,>1000,LC50,SL-950 4% SC,>1000,1481_f,1481_f,1491_6,Eisenia foetida,Earthworm,336,Herbicide,,Acute,Oil dispersion,UNSURE,,,
159,1490,Fenpropidin,>10,LD50,Tern 750 EC,99.9,1490_a,1490_a,1490_1,Apis mellifera,Honeybee,,Fungicide,Oral,Acute,Emusifiable Concentrate,YES,NA,,
160,1490,Fenpropidin,46,LD50,Tern 750 EC,55.3,1490_b,1490_b,1490_2,Apis mellifera,Honeybee,,Fungicide,Contact,Acute,Emusifiable Concentrate,YES,NA,,
161,1487,Acequinocyl,3.9,EC50,Kanemite,2.36,1487_a,1487_a,1487_1,Daphnia magna,Water flea,48,Acaricide,,Acute,Suspension Concentrate,YES,NA,,
162,1505,Flutolanil,>3.2,EC50,Moncut 40 SC ,12.3,1505_a,1505_a,1505_1,Pseudokirchneriella subcapitata,,72,Fungicide,,Acute,Suspension Concentrate,YES,NA,,
163,1500,Benfluralin,>100,EC50,Bonalan,6.91,1500_a,1500_a,1500_1,Daphnia magna,Water flea,48,Herbicide,,Acute,Emusifiable Concentrate,YES,NA,,
164,1500,Benfluralin,>100,EC50,Bonalan,0.73,1500_b,1500_b,1500_2,Pseudokirchneriella subcapitata,,72,Herbicide,,Acute,Emusifiable Concentrate,YES,NA,,
165,1500,Benfluralin,>110.7,LD50,Bonalan,>31.25,1500_c,1500_c,1500_3,Apis mellifera,Honeybee,,Herbicide,Oral,Acute,Emusifiable Concentrate,YES,NA,,
166,1500,Benfluralin,>100,LD50,Bonalan,>100,1500_d,1500_d,1500_4,Apis mellifera,Honeybee,,Herbicide,Contact,Acute,Emusifiable Concentrate,YES,NA,,
167,1500,Benfluralin,>500,LC50,Bonalan,139.5,1500_e,1500_e,1500_5,Eisenia foetida,Earthworm,336,Herbicide,,Acute,Emusifiable Concentrate,YES,NA,,
168,1503,Buprofezin,>0.42,EC50,Applaud 25 WP,>1.5,1503_a,1503_a,1503_1,Daphnia magna,Water flea,48,Insecticide,,Acute,Wettable Powder,YES,NA,,
169,1503,Buprofezin,>2.1,EC50,Applaud 25 WP,>1,1503_b,1503_b,1503_2,Selenastrum capricornutum,,96,Insecticide,,Acute,Wettable Powder,YES,NA,,
170,1503,Buprofezin,>163.5,LD50,Applaud 25 WP,>100,1503_c,1503_c,1503_3,Apis mellifera,Honeybee,,Insecticide,Oral,Acute,Wettable Powder,YES,NA,,
171,1503,Buprofezin,>200,LD50,Applaud 25 WP,>100,1503_d,1503_d,1503_4,Apis mellifera,Honeybee,,Insecticide,Contact,Acute,Wettable Powder,YES,NA,,
172,1503,Buprofezin,>500,LC50,Applaud 25 WP,>500,1503_e,1503_e,1503_5,Eisenia foetida,Earthworm,336,Insecticide,,Acute,Wettable Powder,YES,NA,,
173,1498,Bromucanazole,0.169,EC50,EXP10064C,2.88,1498_a,1498_a,1498_1,Pseudokirchneriella subcapitata,,120,Fungicide,,Acute,Suspension Concentrate,YES,NA,,
174,1498,Bromucanazole,>500,LC50,EXP10064B,117,1498_b,1498_b,1498_2,Eisenia foetida,Earthworm,,Fungicide,,Acute,Suspension Concentrate,YES,NA,,
175,1499,Fluazinam,4100,LD50,Fluazinam 500 SC,>2000,1499_a,1499_a,1499_1,Rattus norvegicus,,,Fungicide,,Acute,Suspension Concentrate,UNSURE,,,
176,1499,Fluazinam,>100,LD50,Fluazinam 500 SC,>101,1499_b,1499_b,1499_2,Apis mellifera,Honeybee,,Fungicide,Oral,Acute,Suspension Concentrate,YES,NA,,
177,1499,Fluazinam,>500,LC50,Fluazinam 500 SC,>341,1499_c,1499_c,1499_3,Eisenia foetida,Earthworm,336,Fungicide,,Acute,Suspension Concentrate,YES,NA,,
178,1502,Epoxiconazole,1.19,EC50,Opus,0.1,1502_a,1502_a,1502_1,Pseudokirchneriella subcapitata,,72,Fungicide,,Acute,Suspension Concentrate,YES,NA,,
179,1502,Epoxiconazole,8.69,EC50,Opus,0.22,1502_b,1502_b,1502_2,Daphnia magna,Water flea,48,Fungicide,,Acute,Suspension Concentrate,YES,NA,,
180,1502,Epoxiconazole,3.14,LC50,Opus,0.059,1502_c,1502_c,1502_3,Oncorhynchus mykiss,Rainbow trout ,96,Fungicide,,Acute,Suspension Concentrate,YES,NA,,
181,1502,Epoxiconazole,>83,LD50,Opus,>69.9,1502_d,1502_d,1502_4,Apis mellifera,Honeybee,,Fungicide,Oral,Acute,Suspension Concentrate,YES,NA,,
182,1502,Epoxiconazole,>100,LD50,Opus,>59.7,1502_e,1502_e,1502_5,Apis mellifera,Honeybee,,Fungicide,Contact,Acute,Suspension Concentrate,YES,NA,,
183,1502,Epoxiconazole,>500,LC50,Opus,>62.5,1502_f,1502_f,1502_6,,Earthworm,,Fungicide,,Acute,Suspension Concentrate,YES,NA,,
184,1496,Tralkoxydim,>175,EC50,YF 7763B,163,1496_a,1496_a,1496_1,Daphnia magna,Water flea,,Herbicide,,Acute,Suspension Concentrate,YES,NA,,
185,1496,Tralkoxydim,>100,LD50,A-12706 A,>100,1496_b,1496_b,1496_2,Apis mellifera,Honeybee,,Herbicide,Contact,Acute,Suspension Concentrate,YES,NA,,
186,1496,Tralkoxydim,>1000,LC50,A-12706 A,>1000,1496_c,1496_c,1496_3,Eisenia foetida,Earthworm,336,Herbicide,,Acute,Suspension Concentrate,YES,NA,,
187,1501,Fenpropimorph,>1,EC50,RO 14-3169/002,0.21,1501_a,1501_a,1501_1,Pseudokirchneriella subcapitata,,72,Fungicide,,Acute,UNSURE,YES,NA,,
188,1501,Fenpropimorph,2.24,EC50,RO 14-3169/002,1.13,1501_b,1501_b,1501_2,Daphnia magna,Water flea,48,Fungicide,,Acute,UNSURE,YES,NA,,
189,1501,Fenpropimorph,>95.6,LD50,BAS 421 12 F,>79.5,1501_c,1501_c,1501_3,Apis mellifera,Honeybee,,Fungicide,Oral,Acute,UNSURE,UNSURE,,,
190,1501,Fenpropimorph,>100,LD50,BAS 421 12 F,>100,1501_d,1501_d,1501_4,Apis mellifera,Honeybee,,Fungicide,Contact,Acute,UNSURE,UNSURE,,,
191,1495,Metazachlor,33,EC50,Fuego,29.7,1495_a,1495_a,1495_1,Daphnia magna,Water flea,48,Herbicide,,Acute,Suspension Concentrate,YES,NA,,
192,1495,Metazachlor,0.0318,EC50,BAS 479 22H,0.012,1495_b,1495_b,1495_2,Pseudokirchneriella subcapitata,,72,Herbicide,,Acute,Suspension Concentrate,YES,NA,,
193,1495,Metazachlor,0.031,EC50,Fuego,0.0488,1495_c,1495_c,1495_3,Scenedesmus subspicatus,,72,Herbicide,,Acute,Suspension Concentrate,YES,NA,,
194,1495,Metazachlor,0.0071,EC50,BAS 479 22H,0.014,1495_d,1495_d,1495_4,Lemna gibba,,118,Herbicide,,Acute,Suspension Concentrate,UNSURE,,,
195,1495,Metazachlor,>72.19,LD50,BAS 479 22H,>92.12,1495_e,1495_e,1495_5,Apis mellifera,Honeybee,,Herbicide,Oral,Acute,Suspension Concentrate,YES,NA,,
196,1495,Metazachlor,>100,LD50,BAS 479 22H,>100,1495_f,1495_f,1495_6,Apis mellifera,Honeybee,,Herbicide,Contact,Acute,Suspension Concentrate,YES,NA,,
197,1495,Metazachlor,>500,LC50,BAS 479 22H,>250,1495_g,1495_g,1495_7,,Earthworm,336,Herbicide,,Acute,Suspension Concentrate,YES,NA,,
198,1513,Aclonifen,>5000,LD50,Bandur SC 600,2770,1513_a,1513_a,1515_1,,Rat,,Herbicide,,Acute,Suspension Concentrate,YES,NA,,
199,1513,Aclonifen,>107,LD50,Bandur SC 600,>142,1513_b,1513_b,1515_2,Apis mellifera,Honeybee,,Herbicide,Oral,Acute,Suspension Concentrate,NO,YES,,
200,1513,Aclonifen,>100,LD50,Bandur SC 600,>123,1513_c,1513_c,1515_3,Apis mellifera,Honeybee,,Herbicide,Contact,Acute,Suspension Concentrate,NO,YES,,
201,1513,Aclonifen,150,LC50,Bandur SC 600,97,1513_d,1513_d,1515_4,Eisenia foetida,Earthworm,336,Herbicide,,Acute,Suspension Concentrate,YES,NA,,
202,1506,Sulcotrione,>5000,LD50,Mikado,>2000,1506_a,1506_a,1506_1,,Rat,,Herbicide,,Acute,Suspension Concentrate,UNSURE,,,
203,1506,Sulcotrione,227,LC50,Mikado,100,1506_b,1506_b,1506_2,Oncorhynchus mykiss,Rainbow trout ,96,Herbicide,,Acute,Suspension Concentrate,YES,NA,,
204,1506,Sulcotrione,>848,EC50,Mikado,200,1506_c,1506_c,1506_3,Daphnia magna,Water flea,48,Herbicide,,Acute,Suspension Concentrate,YES,NA,,
205,1506,Sulcotrione,50,LD50,Mikado,229,1506_d,1506_d,1506_4,Apis mellifera,Honeybee,,Herbicide,Oral,Acute,Suspension Concentrate,NO,YES,,
206,1506,Sulcotrione,200,LD50,Mikado,229,1506_e,1506_e,1506_5,Apis mellifera,Honeybee,,Herbicide,Contact,Acute,Suspension Concentrate,NO,YES,,
207,1506,Sulcotrione,>1000,LC50,Mikado,>1000,1506_f,1506_f,1506_6,Eisenia foetida,Earthworm,336,Herbicide,,Acute,Suspension Concentrate,YES,NA,,
208,1511,Flurprimidol,11.8,EC50,Topflor,0.688,1511_a,1511_a,1511_1,Daphnia magna,Water flea,48,Plant growth regulator,,Acute,Micro-emulsion,YES,NA,,
209,1511,Flurprimidol,1.05,EC50,Topflor,0.624,1511_b,1511_b,1511_2,Pseudokirchneriella subcapitata,,72,Plant growth regulator,,Acute,Micro-emulsion,YES,NA,,
210,1511,Flurprimidol,>100,LD50,Topflor,>0.0498,1511_c,1511_c,1511_3,Apis mellifera,Honeybee,,Plant growth regulator,Oral,Acute,Micro-emulsion,NO,YES,,
211,1511,Flurprimidol,>100,LD50,Topflor,>0.0756,1511_d,1511_d,1511_4,Apis mellifera,Honeybee,,Plant growth regulator,Contact,Acute,Micro-emulsion,NO,YES,,
212,1511,Flurprimidol,164,LC50,Topflor,>19,1511_e,1511_e,1511_5,Eisenia foetida,Earthworm,336,Plant growth regulator,,Acute,Micro-emulsion,NO,YES,,
213,1509,Tetraconazole,3,EC50,Eminent 40 ME,1.6,1509_a,1509_a,1509_1,Daphnia magna,Water flea,48,Fungicide,,Acute,Micro-emulsion,UNSURE,,,
214,1509,Tetraconazole,0.41,EC50,Eminent 40 ME,1.5,1509_b,1509_b,1509_2,Scenedesmus subspicatus,,72,Fungicide,,Acute,Micro-emulsion,UNSURE,,,
215,1509,Tetraconazole,>130,LD50,Eminent 40 ME,16.3,1509_c,1509_c,1509_3,Apis mellifera,Honeybee,,Fungicide,Oral,Acute,Micro-emulsion,YES,NA,,
216,1509,Tetraconazole,63,LD50,Eminent 40 ME,27.2,1509_d,1509_d,1509_4,Apis mellifera,Honeybee,,Fungicide,Contact,Acute,Micro-emulsion,YES,NA,,
217,1509,Tetraconazole,71,LC50,Eminent 40 ME,>19.12,1509_e,1509_e,1509_5,Eisenia foetida,Earthworm,336,Fungicide,,Acute,Micro-emulsion,YES,NA,,
218,1514,Acetochlor,928,LD50,GF-675,1345,1514_a,1514_b,1514_1,Colinus virginianus,Bobwhite quail ,,Herbicide,,Acute,Capsule Suspension,YES,NA,,
219,1514,Acetochlor,928,LD50,MON 69447,375,1514_a,1514_c,1514_2,Colinus virginianus,Bobwhite quail ,,Herbicide,,Acute,Emusifiable Concentrate,YES,NA,,
220,1514,Acetochlor,8.6,EC50,WF-2061,7.4,1514_e,1514_p,1514_4,Daphnia magna,Water flea,48,Herbicide,,Acute,UNSURE,YES,NA,,
221,1514,Acetochlor,8.6,EC50,GF-675,>6.4,1514_e,1514_q,1514_5,Daphnia magna,Water flea,48,Herbicide,,Acute,Capsule Suspension,YES,NA,,
222,1514,Acetochlor,0.00052,EC50,GF-675,0.001,1514_f,1514_g,1514_6,Pseudokirchneriella subcapitata,,72,Herbicide,,Acute,Capsule Suspension,UNSURE,,,
223,1514,Acetochlor,0.00052,EC50,MON 69447,0.00155,1514_f,1514_h,1514_7,Pseudokirchneriella subcapitata,,72,Herbicide,,Acute,Emusifiable Concentrate,UNSURE,,,
224,1514,Acetochlor,>100,LD50,WF-2061,>116,1514_i,1514_j,1514_8,Apis mellifera,Honeybee,,Herbicide,Oral,Acute,UNSURE,YES,NA,,
225,1514,Acetochlor,>100,LD50,MON 69447,>153,1514_i,1514_k,1514_9,Apis mellifera,Honeybee,,Herbicide,Oral,Acute,Emusifiable Concentrate,YES,NA,,
226,1514,Acetochlor,>200,LD50,WF-2061,>200,1514_l,1514_m,1514_10,Apis mellifera,Honeybee,,Herbicide,Contact,Acute,UNSURE,YES,NA,,
227,1514,Acetochlor,>200,LD50,MON 69447,>154,1514_l,1514_n,1514_11,Apis mellifera,Honeybee,,Herbicide,Contact,Acute,Emusifiable Concentrate,YES,NA,,
228,1514,Acetochlor,105.5,LC50,MON 69447,221,1514_o,1514_o,1514_12,Eisenia foetida,Earthworm,336,Herbicide,,Acute,Emusifiable Concentrate,YES,NA,,
229,1517,Cymoxanil,760,LD50,Cym 50,1200,1517_a,1517_a,1517_1,Rattus norvegicus,,,Fungicide,,Acute,Wettable Powder,UNSURE,,,
230,1517,Cymoxanil,>1000,LC50,Cym 50,>505,1517_b,1517_b,1517_2,Eisenia foetida,Earthworm,336,Fungicide,,Acute,Wettable Powder,YES,NA,,
231,1512,Cyromazine,>100,LC50,Trigard 75 WP,>75,1512_a,1512_a,1512_1,Oncorhynchus mykiss,Rainbow trout ,96,Insecticide,,Acute,Wettable Powder,YES,NA,,
232,1512,Cyromazine,>100,EC50,Trigard 75 WP,68,1512_b,1512_b,1512_2,Daphnia magna,Water flea,48,Insecticide,,Acute,Wettable Powder,YES,NA,,
233,1516,Dimethachlor,1600,LD50,Teridox 500 EC,>2000,1516_a,1516_a,1516_1,,Rat,,Herbicide,,Acute,Emusifiable Concentrate,UNSURE,,,
234,1516,Dimethachlor,3.9,LC50,Teridox 500 EC,4.5,1516_b,1516_b,1516_2,Oncorhynchus mykiss,Rainbow trout ,96,Herbicide,,Acute,Emusifiable Concentrate,YES,NA,,
235,1516,Dimethachlor,24,EC50,Teridox 500 EC,8.54,1516_c,1516_c,1516_3,Daphnia magna,Water flea,48,Herbicide,,Acute,Emusifiable Concentrate,YES,NA,,
236,1516,Dimethachlor,>300,LD50,Teridox 500 EC,>110,1516_d,1516_d,1516_4,Apis mellifera,Honeybee,,Herbicide,Oral,Acute,Emusifiable Concentrate,NO,YES,,
237,1516,Dimethachlor,>200,LD50,Teridox 500 EC,>105,1516_e,1516_e,1516_5,Apis mellifera,Honeybee,,Herbicide,Contact,Acute,Emusifiable Concentrate,NO,YES,,
238,1516,Dimethachlor,70,LC50,Teridox 500 EC,96,1516_f,1516_f,1516_6,Eisenia foetida,Earthworm,336,Herbicide,,Acute,Emusifiable Concentrate,YES,NA,,
239,1520,Dodemorph acetate,>106.3,LD50,Mehltaumittel,73.4,1520_a,1520_a,1520_1,Apis mellifera,Honeybee,,Fungicide,Oral,Acute,Emusifiable Concentrate,YES,NA,,
240,1520,Dodemorph acetate,>76.6,LD50,Mehltaumittel,144,1520_b,1520_b,1520_2,Apis mellifera,Honeybee,,Fungicide,Contact,Acute,Emusifiable Concentrate,YES,NA,,
241,1520,Dodemorph acetate,>412,LC50,Mehltaumittel,165,1520_c,1520_c,1520_3,Eisenia foetida,Earthworm,336,Fungicide,,Acute,Emusifiable Concentrate,YES,NA,,
242,1515,Penconazole,1130,LC50,Topas 10 EC,680,1515_a,1515_a,1515_1,Oncorhynchus mykiss,Rainbow trout ,96,Fungicide,,Acute,Emusifiable Concentrate,YES,NA,,
243,1515,Penconazole,6750,EC50,Topas 10 EC,3880,1515_b,1515_b,1515_2,Daphnia magna,Water flea,48,Fungicide,,Acute,Emusifiable Concentrate,YES,NA,,
244,1515,Penconazole,>331.5,LC50,Topas 10 EC,>50,1515_c,1515_c,1515_3,Eisenia foetida,Earthworm,336,Fungicide,,Acute,Emusifiable Concentrate,YES,NA,,
245,1508,Tebuconazole,1700,LD50,Folicur EW 250,>500,1508_a,1508_a,1508_1,,Rat,,Fungicide,,Acute,Oil in water emulsion,NO,YES,,
246,1508,Tebuconazole,5.3,EC50,Folicur EW 250,5.83,1508_b,1508_b,1508_2,Scenedesmus subspicatus,,72,Fungicide,,Acute,Oil in water emulsion,YES,NA,,
247,1508,Tebuconazole,>83.95,LD50,Folicur EW 250,>187,1508_c,1508_c,1508_3,Apis mellifera,Honeybee,,Fungicide,Oral,Acute,Oil in water emulsion,YES,NA,,
248,1508,Tebuconazole,1381,LC50,Folicur EW 250,>254,1508_d,1508_d,1508_4,Eisenia foetida,Earthworm,336,Fungicide,,Acute,Oil in water emulsion,YES,NA,,
249,1521,Triadimenol,17.4,LC50,Bayfidan EC250,18.2,1521_a,1521_a,1521_1,Leuciscus idus,,96,Fungicide,,Acute,Emusifiable Concentrate,YES,NA,,
250,1521,Triadimenol,51,EC50,Bayfidan EC250,58.6,1521_b,1521_b,1521_2,Daphnia magna,Water flea,48,Fungicide,,Acute,Emusifiable Concentrate,YES,NA,,
251,1521,Triadimenol,38,EC50,Bayfidan EC250,9.61,1521_c,1521_c,1521_3,Pseudokirchneriella subcapitata,,72,Fungicide,,Acute,Emusifiable Concentrate,YES,NA,,
252,1521,Triadimenol,>224.8,LD50,Bayfidan EC250,64.4,1521_d,1521_d,1521_4,Apis mellifera,Honeybee,,Fungicide,Oral,Acute,Emusifiable Concentrate,YES,NA,,
253,1521,Triadimenol,>200,LD50,Bayfidan EC250,>200,1521_e,1521_e,1521_5,Apis mellifera,Honeybee,,Fungicide,Contact,Acute,Emusifiable Concentrate,YES,NA,,
254,1521,Triadimenol,390.5,LC50,Bayfidan EC250,>89,1521_f,1521_f,1521_6,Eisenia foetida,Earthworm,,Fungicide,,Acute,Emusifiable Concentrate,YES,NA,,
255,1518,Metamitron,>190,LC50,Goltix SC 700,>114,1518_a,1518_a,1518_1,Oncorhynchus mykiss,Rainbow trout ,96,Herbicide,,Acute,Suspension Concentrate,YES,NA,,
256,1518,Metamitron,5.7,EC50,Goltix SC 700,97.6,1518_b,1518_b,1518_2,Daphnia magna,Water flea,48,Herbicide,,Acute,Suspension Concentrate,YES,NA,,
257,1518,Metamitron,1.8,EC50,Goltix SC 700,2.01,1518_c,1518_c,1518_3,Pseudokirchneriella subcapitata,,72,Herbicide,,Acute,Suspension Concentrate,YES,NA,,
258,1518,Metamitron,>97.2,LD50,Goltix SC 700,123.3,1518_d,1518_d,1518_4,Apis mellifera,Honeybee,48,Herbicide,Oral,Acute,Suspension Concentrate,YES,NA,,
259,1518,Metamitron,>100,LD50,Goltix SC 700,>200,1518_e,1518_e,1518_5,Apis mellifera,Honeybee,48,Herbicide,Contact,Acute,Suspension Concentrate,YES,NA,,
260,1522,Copper hydroxide,223,LD50,Kocide 101,357,1522_a,1522_a,1522_1,Colinus virginianus,Bobwhite quail ,,Fungicide,,Acute,Wettable Powder,YES,NA,,
261,1522,Bordeaux mixture,>616,LD50,Macc 80,>439.9,1522_b,1522_b,1522_2,Colinus virginianus,Bobwhite quail ,,Fungicide,,Acute,Wettable Powder,YES,NA,,
262,1522,Tribasic copper sulphate ,616,LD50,Cuproxat,>72.4,1522_c,1522_c,1522_3,Colinus virginianus,Bobwhite quail ,,Fungicide,,Acute,Suspension Concentrate,YES,NA,,
263,1522,Copper oxide,1183,LD50,Nordox,650,1522_d,1522_d,1522_4,Coturnix japonica,,,Fungicide,,Acute,Water dispersible granule ,YES,NA,,
264,1522,Copper hydroxide,736,LD50,Kocide 101,417,1522_e,1522_e,1522_5,,Rat,,Fungicide,,Acute,Wettable Powder,YES,NA,,
265,1522,Copper hydroxide,679,LD50,Kocide 101,458,1522_f,1522_f,1522_6,,Rat,,Fungicide,,Acute,Wettable Powder,YES,NA,,
266,1522,Bordeaux mixture,624,LD50,Macc 80,>410,1522_g,1522_g,1522_7,,Rat,,Fungicide,,Acute,Wettable Powder,YES,NA,,
267,1522,Tribasic copper sulphate ,162.6,LD50,Cuproxat,378,1522_h,1522_h,1522_8,,Rat,,Fungicide,,Acute,Suspension Concentrate,YES,NA,,
268,1522,Copper oxide,261,LD50,Nordox,2374,1522_i,1522_i,1522_9,,Rat,,Fungicide,,Acute,Water dispersible granule ,YES,NA,,
269,1522,Copper oxychloride,>0.106,LC50,Cuprocaffaro,0.0109,1522_j,1522_j,1522_10,Oncorhynchus mykiss,Rainbow trout ,96,Fungicide,,Acute,Wettable Powder,UNSURE,,,
270,1522,Bordeaux mixture,0.086,LC50,Macc 80,0.052,1522_k,1522_k,1522_11,Oncorhynchus mykiss,Rainbow trout ,96,Fungicide,,Acute,Wettable Powder,UNSURE,,,
271,1522,Copper oxide,0.0344,LC50,Nordox,0.0106,1522_l,1522_l,1522_12,Oncorhynchus mykiss,Rainbow trout ,96,Fungicide,,Acute,Water dispersible granule ,UNSURE,,,
272,1522,Bordeaux mixture,0.041,EC50,Macc 80,13.06,1522_m,1522_m,1522_13,Pseudokirchneriella subcapitata,,72,Fungicide,,Acute,Wettable Powder,UNSURE,,,
273,1522,Copper hydroxide,44.46,LD50,Kocide 101,>57,1522_n,1522_n,1522_14,Apis mellifera,Honeybee,,Fungicide,Contact,Acute,Wettable Powder,UNSURE,,,
274,1522,Copper oxide ,>22,LD50,Copper oxide WP,>82.5,1522_o,1522_o,1522_15,Apis mellifera,Honeybee,,Fungicide,Contact,Acute,Wettable Powder,UNSURE,,,
275,1507,Fenpyroximate,245,LD50,Kiron,277,1507_a,1507_a,1507_1,,Rat,,Acaricide,,Acute,Suspension Concentrate,YES,NA,,
276,1507,Fenpyroximate,0.00105,LC50,Kiron,0.00213,1507_b,1507_b,1507_2,Oncorhynchus mykiss,Rainbow trout ,96,Acaricide,,Acute,Suspension Concentrate,YES,NA,,
277,1507,Fenpyroximate,0.00328,EC50,Kiron,0.00109,1507_c,1507_c,1507_3,Daphnia magna,Water flea,48,Acaricide,,Acute,Suspension Concentrate,YES,NA,,
278,1507,Fenpyroximate,0.0055,EC50,Kiron,0.0094,1507_d,1507_d,1507_4,Scenedesmus subspicatus,,72,Acaricide,,Acute,Suspension Concentrate,YES,NA,,
279,1507,Fenpyroximate,>118.5,LD50,Kiron,>5,1507_e,1507_e,1507_5,Apis mellifera,Honeybee,,Acaricide,Oral,Acute,Suspension Concentrate,YES,NA,,
280,1507,Fenpyroximate,15.8,LD50,Kiron,25,1507_f,1507_f,1507_6,Apis mellifera,Honeybee,,Acaricide,Contact,Acute,Suspension Concentrate,YES,NA,,
281,1507,Fenpyroximate,34.7,LC50,Kiron,4.68,1507_g,1507_g,1507_7,,Earthworm,,Acaricide,,Acute,Suspension Concentrate,YES,NA,,
282,1566,Lenacil,>5000,LD50,Venzar 80 WP,>4080,1566_a,1566_a,1566_1,,Rat,,Herbicide,,Acute,Wettable Powder,YES,NA,,
283,1566,Lenacil,>2,LC50,Venzar 80 WP,>2.18,1566_b,1566_b,1566_2,Oncorhynchus mykiss,Rainbow trout ,96,Herbicide,,Acute,Wettable Powder,YES,NA,,
284,1566,Lenacil,>8.4,EC50,Venzar 80 WP,>2.93,1566_c,1566_c,1566_3,Daphnia magna,Water flea,48,Herbicide,,Acute,Wettable Powder,YES,NA,,
285,1566,Lenacil,>25,LD50,Venzar 80 WP,>100,1566_d,1566_d,1566_4,Apis mellifera,Honeybee,,Herbicide,Contact,Acute,Wettable Powder,YES,NA,,
286,1568,Proquinazid,>2250,LC50,Proquinazid 200 g/L EC,>450,1568_a,1568_a,1568_1,Colinus virginianus,Bobwhite quail ,,Fungicide,,Acute,Emusifiable Concentrate,NO,YES,,
287,1568,Proquinazid,4846,LD50,Proquinazid 200 g/L EC,>400,1568_b,1568_b,1568_2,,Rat,,Fungicide,,Acute,Emusifiable Concentrate,NO,YES,,
288,1568,Proquinazid,0.349,LC50,Proquinazid 200 g/L EC,0.446,1568_c,1568_c,1568_3,Oncorhynchus mykiss,Rainbow trout ,96,Fungicide,,Acute,Emusifiable Concentrate,YES,NA,,
289,1568,Proquinazid,0.287,EC50,Proquinazid 200 g/L EC,0.349,1568_d,1568_d,1568_4,Daphnia magna,Water flea,48,Fungicide,,Acute,Emusifiable Concentrate,YES,NA,,
290,1568,Proquinazid,0.684,EC50,Proquinazid 200 g/L EC,0.259,1568_e,1568_e,1568_5,Pseudokirchneriella subcapitata,,72,Fungicide,,Acute,Emusifiable Concentrate,YES,NA,,
291,1568,Proquinazid,>125,LD50,Proquinazid 200 g/L EC,>99.75,1568_f,1568_f,1568_6,Apis mellifera,Honeybee,,Fungicide,Oral,Acute,Emusifiable Concentrate,YES,NA,,
292,1568,Proquinazid,>197,LD50,Proquinazid 200 g/L EC,>100,1568_g,1568_g,1568_7,Apis mellifera,Honeybee,,Fungicide,Contact,Acute,Emusifiable Concentrate,YES,NA,,
293,1568,Proquinazid,>1000,LC50,Proquinazid 200 g/L EC,>198.8,1568_h,1568_h,1568_8,,Earthworm,336,Fungicide,,Acute,Emusifiable Concentrate,YES,NA,,
294,1527,Aluminum phosphide ,663.5,LC50,Quickphos ,108.8,1527_a,1527_a,1527_1,Eisenia foetida,Earthworm,336,Insecticide,,Acute,Gas generating ,YES,NA,,
295,1523,Teflubenzeron,>5000,LD50,Nomolt,>2000,1523_a,1523_a,1523_1,,Rat,,Insecticide,,Acute,Suspension Concentrate,UNSURE,,,
296,1523,Teflubenzeron,0.0028,EC50,Nomolt,0.00033,1523_b,1523_b,1523_2,Daphnia magna,Water flea,48,Insecticide,,Acute,Suspension Concentrate,YES,NA,,
297,1523,Teflubenzeron,72,LD50,Nomolt,110,1523_c,1523_c,1523_3,Apis mellifera,Honeybee,,Insecticide,Oral,Acute,Suspension Concentrate,YES,NA,,
298,1523,Teflubenzeron,100,LD50,Nomolt,100,1523_d,1523_d,1523_4,Apis mellifera,Honeybee,,Insecticide,Contact,Acute,Suspension Concentrate,YES,NA,,
299,1523,Teflubenzeron,>500,LC50,Nomolt,>500,1523_e,1523_e,1523_5,Eisenia foetida,Earthworm,336,Insecticide,,Acute,Suspension Concentrate,YES,NA,,
300,1607,Bifenthrin,0.37,EC50,Talstar 8 SC,5.7,1547_a,1547_a,1547_1,Daphnia magna,Water flea,48,Insecticide,,Acute,Suspension Concentrate,YES,NA,,
301,1607,Bifenthrin,0.1,LD50,Talstar 8 SC,0.01,1547_b,1547_b,1547_2,Apis mellifera,Honeybee,,Insecticide,Oral,Acute,Suspension Concentrate,YES,NA,,
302,1607,Bifenthrin,>8,LC50,Talstar 8 SC,>39,1547_c,1547_c,1547_3,Eisenia foetida,Earthworm,336,Insecticide,,Acute,Suspension Concentrate,YES,NA,,
303,1607,Bifenthrin,0.256,LC50,Talstar 8 SC,30,1547_d,1547_d,1547_4,Oncorhynchus mykiss,Rainbow trout ,96,Insecticide,,Acute,Suspension Concentrate,YES,NA,,
304,1550,Lufenuron,>29,LC50,Match 050 EC,0.994,1550_a,1550_a,1550_1,Oncorhynchus mykiss,Rainbow trout ,96,Insecticide,,Acute,Emusifiable Concentrate,YES,NA,,
305,1550,Lufenuron,0.0013,EC50,Match 050 EC,0.00041,1550_b,1550_b,1550_2,Daphnia magna,Water flea,48,Insecticide,,Acute,Emusifiable Concentrate,YES,NA,,
306,1537,Tebufenpyrad,320,LD50,Masai,291.6,1537_a,1537_a,1537_1,,Rat,,Insecticide,,Acute,Wettable Powder,YES,NA,,
307,1537,Tebufenpyrad,46,EC50,Masai,58,1537_b,1537_b,1537_2,Daphnia magna,Water flea,48,Insecticide,,Acute,Wettable Powder,YES,NA,,
308,1537,Tebufenpyrad,60.3,LD50,Masai,7.2,1537_c,1537_c,1537_3,Apis mellifera,Honeybee,,Insecticide,Oral,Acute,Wettable Powder,NO,YES,,
309,1537,Tebufenpyrad,6.7,LD50,Masai,14.69,1537_d,1537_d,1537_4,Apis mellifera,Honeybee,,Insecticide,Contact,Acute,Wettable Powder,NO,YES,,
310,1537,Tebufenpyrad,20.5,LC50,Masai,21.1,1537_e,1537_e,1537_5,,Earthworm,336,Insecticide,,Acute,Wettable Powder,YES,NA,,
311,1533,Triflumuron,>5000,LD50,Alystin SC 480,>2123,1533_a,1533_a,1533_1,,Rat,,Insecticide,,Acute,Suspension Concentrate,UNSURE,,,
312,1533,Triflumuron,0.0016,EC50,Alystin SC 480,0.00013,1533_b,1533_b,1533_2,Daphnia magna,Water flea,48,Insecticide,,Acute,Suspension Concentrate,YES,NA,,
313,1533,Triflumuron,>0.025,EC50,Alystin SC 480,>179,1533_c,1533_c,1533_3,Scenedesmus subspicatus,,72,Insecticide,,Acute,Suspension Concentrate,YES,NA,,
314,1533,Triflumuron,>226,LD50,Alystin SC 480,>228.6,1533_d,1533_d,1533_4,Apis mellifera,Honeybee,,Insecticide,Oral,Acute,Suspension Concentrate,YES,NA,,
315,1533,Triflumuron,>200,LD50,Alystin SC 480,>200,1533_e,1533_e,1533_5,Apis mellifera,Honeybee,,Insecticide,Contact,Acute,Suspension Concentrate,YES,NA,,
316,1533,Triflumuron,>500,LC50,Alystin SC 480,>242.5,1533_f,1533_f,1533_6,Eisenia foetida,Earthworm,336,Insecticide,,Acute,Suspension Concentrate,YES,NA,,
317,1545,Triflusulfuron-methyl,>2250,LD50,Triflusulfurin-methyl 50WG,>1125,1545_a,1545_a,1545_1,Colinus virginianus,Bobwhite quail ,,Herbicide,,Acute,Water dispersible granule ,NO,YES,,
318,1545,Triflusulfuron-methyl,>5000,LD50,Triflusulfurin-methyl 50WG,>2500,1545_b,1545_b,1545_2,,Rat,,Herbicide,,Acute,Water dispersible granule ,NO,YES,,
319,1545,Triflusulfuron-methyl,730,LC50,Triflusulfurin-methyl 50WG,75,1545_c,1545_c,1545_3,Oncorhynchus mykiss,Rainbow trout ,96,Herbicide,,Acute,Water dispersible granule ,YES,NA,,
320,1545,Triflusulfuron-methyl,>960,EC50,Triflusulfurin-methyl 50WG,>600,1545_d,1545_d,1545_4,Daphnia magna,Water flea,48,Herbicide,,Acute,Water dispersible granule ,YES,NA,,
321,1545,Triflusulfuron-methyl,0.00282,EC50,Triflusulfurin-methyl 50WG,0.0022,1545_e,1545_e,1545_5,Lemna gibba,,336,Herbicide,,Acute,Water dispersible granule ,YES,NA,,
322,1545,Triflusulfuron-methyl,>1000,LC50,Triflusulfurin-methyl 50WG,>500,1545_f,1545_f,1545_6,Eisenia foetida,Earthworm,336,Herbicide,,Acute,Water dispersible granule ,YES,NA,,
323,1526,Zeta-cypermethrin,0.00069,LC50,Fury 10 EW,0.0013,1526_a,1526_a,1526_1,Oncorhynchus mykiss,Rainbow trout ,96,Insecticide,,Acute,Oil in water emulsion,YES,NA,,
324,1526,Zeta-cypermethrin,0.000141,EC50,Fury 10 EW,0.000085,1526_b,1526_b,1526_2,Daphnia magna,Water flea,48,Insecticide,,Acute,Oil in water emulsion,YES,NA,,
325,1526,Zeta-cypermethrin,>1,EC50,Fury 10 EW,0.16,1526_c,1526_c,1526_3,Pseudokirchneriella subcapitata,,96,Insecticide,,Acute,Oil in water emulsion,YES,NA,,
326,1531,Chlorsulfuron,0.068,EC50,Chlorsulfuron 75 WG,0.066,1531_a,1531_a,1531_1,Selenastrum capricornutum,,72,Herbicide,,Acute,Water dispersible granule ,UNSURE,,,
327,1531,Chlorsulfuron,>130,LD50,Chlorsulfuron 75 WG,>101,1531_b,1531_b,1531_2,Apis mellifera,Honeybee,,Herbicide,,Acute,Water dispersible granule ,NO,YES,,
328,1531,Chlorsulfuron,>100,LD50,Chlorsulfuron 75 WG,>101,1531_c,1531_c,1531_3,Apis mellifera,Honeybee,,Herbicide,,Acute,Water dispersible granule ,NO,YES,,
329,1528,Metam-sodium,>0.175,LC50,Vapam,0.389,1528_a,1528_a,1528_1,Lepomis macrochirus,,96,All,,Acute,Soluble Concentrate,YES,NA,,
330,1532,Propaquizafop,0.19,LC50,Agil 100 EC,0.11,1532_a,1532_a,1532_1,Cyrpinus carpio,,96,Herbicide,,Acute,Emusifiable Concentrate,YES,NA,,
331,1532,Propaquizafop,>0.9,EC50,Agil 100 EC,0.24,1532_b,1532_b,1532_2,Daphnia magna,Water flea,48,Herbicide,,Acute,Emusifiable Concentrate,YES,NA,,
332,1532,Propaquizafop,>20,LD50,Agil 100 EC,>18.9,1532_c,1532_c,1532_3,Apis mellifera,Honeybee,,Herbicide,Oral,Acute,Emusifiable Concentrate,YES,NA,,
333,1532,Propaquizafop,>200,LD50,Agil 100 EC,>18.9,1532_d,1532_d,1532_4,Apis mellifera,Honeybee,,Herbicide,Contact,Acute,Emusifiable Concentrate,YES,NA,,
334,1532,Propaquizafop,>500,LC50,Agil 100 EC,27,1532_e,1532_e,1532_5,Eisenia foetida,Earthworm,336,Herbicide,,Acute,Emusifiable Concentrate,YES,NA,,
335,1551,Quizalop-P-ethyl,1182,LD50,Targa Super,127.6,1551_a,1551_a,1551_1,,Rat,,Herbicide,,Acute,Emusifiable Concentrate,YES,NA,,
336,1551,Quizalop-P-ethyl,0.069,EC50,Targa Super,0.06,1551_b,1551_b,1551_2,Pseudokirchneriella subcapitata,,72,Herbicide,,Acute,Emusifiable Concentrate,YES,NA,,
337,1551,Quizalop-P-tefuryl,>1.9,EC50,Panarex,0.03,1551_c,1551_c,1551_3,Pseudokirchneriella subcapitata,,72,Herbicide,,Acute,Emusifiable Concentrate,YES,NA,,
338,1551,Quizalop-P-ethyl,>100,LD50,Targa Super,10.4,1551_d,1551_d,1551_4,Apis mellifera,Honeybee,,Herbicide,Oral,Acute,Emusifiable Concentrate,YES,NA,,
339,1551,Quizalop-P-ethyl,>100,LD50,Quizalop-P-ethyl,>25,1551_e,1551_e,1551_5,Apis mellifera,Honeybee,,Herbicide,Contact,Acute,Emusifiable Concentrate,YES,NA,,
340,1551,Quizalop-P-tefuryl,>100,LD50,Quizalop-P-tefuryl,>40,1551_f,1551_f,1551_6,Apis mellifera,Honeybee,,Herbicide,Contact,Acute,Emusifiable Concentrate,YES,NA,,
341,1551,Quizalop-P-ethyl,>500,LC50,Quizalop-P-ethyl,18.5,1551_g,1551_g,1551_7,Eisenia foetida,Earthworm,336,Herbicide,,Acute,Emusifiable Concentrate,YES,NA,,
342,1551,Quizalop-P-tefuryl,>500,LC50,Quizalop-P-tefuryl,16.95,1551_h,1551_h,1551_8,Eisenia foetida,Earthworm,336,Herbicide,,Acute,Emusifiable Concentrate,YES,NA,,
343,1543,Etofenprox,0.0012,EC50,TREBON 30EC,0.00044,1543_a,1543_a,1543_1,Daphnia magna,Water flea,48,Insecticide,,Acute,Emusifiable Concentrate,UNSURE,,,
344,1543,Etofenprox,>0.150,EC50,TREBON 30EC,58,1543_b,1543_b,1543_2,Pseudokirchneriella subcapitata,,72,Insecticide,,Acute,Emusifiable Concentrate,UNSURE,,,
345,1543,Etofenprox,0.024,LD50,TREBON 30EC,0.37,1543_c,1543_c,1543_3,Apis mellifera,Honeybee,48,Insecticide,Oral,Acute,Emusifiable Concentrate,YES,NA,,
346,1543,Etofenprox,0.015,LD50,TREBON 30EC,0.04,1543_d,1543_d,1543_4,Apis mellifera,Honeybee,48,Insecticide,Contact,Acute,Emusifiable Concentrate,YES,NA,,
347,1543,Etofenprox,>23.6,LC50,TREBON 30EC,>51.35,1543_e,1543_e,1543_5,,Earthworm,,Insecticide,,Acute,Emusifiable Concentrate,YES,NA,,
348,1534,2-Phenylphenol,4,LC50,AGF/1-04,4.94,1534_a,1534_a,1534_1,Oncorhynchus mykiss,Rainbow trout ,96,Fungicide,,Acute,Emusifiable Concentrate,YES,NA,,
349,1534,2-Phenylphenol,2.7,EC50,AGF/1-04,2.42,1534_b,1534_b,1534_2,Daphnia magna,Water flea,48,Fungicide,,Acute,Emusifiable Concentrate,YES,NA,,
350,1534,Cyflufenamid,1.04,LC50,NF-149 EW,0.511,1548_a,1548_a,1548_1,Oncorhynchus mykiss,Rainbow trout ,96,Fungicide,,Acute,Oil in water emulsion,YES,NA,,
351,1534,Cyflufenamid,1.73,EC50,NF-149 EW,0.491,1548_b,1548_b,1548_2,Daphnia magna,Water flea,48,Fungicide,,Acute,Oil in water emulsion,YES,NA,,
352,1534,Cyflufenamid,>0.828,EC50,NF-149 EW,0.0844,1548_c,1548_c,1548_3,Pseudokirchneriella subcapitata,,72,Fungicide,,Acute,Oil in water emulsion,YES,NA,,
353,1534,Cyflufenamid,>100,LD50,NF-149 EW,>15.51,1548_d,1548_d,1548_4,Apis mellifera,Honeybee,,Fungicide,Oral,Acute,Oil in water emulsion,YES,NA,,
354,1534,Cyflufenamid,>100,LD50,NF-149 EW,>15.51,1548_e,1548_e,1548_5,Apis mellifera,Honeybee,,Fungicide,Contact,Acute,Oil in water emulsion,YES,NA,,
355,1534,Cyflufenamid,>500,LC50,NF-149 EW,>25,1548_f,1548_f,1548_6,,Earthworm,336,Fungicide,,Acute,Oil in water emulsion,YES,NA,,
356,1554,Clofentezine,>0.0146,LC50,Apollo 50 SC,>10,1554_a,1554_a,1554_1,Oncorhynchus mykiss,Rainbow trout ,96,Acaricide,,Acute,Suspension Concentrate,YES,NA,,
357,1554,Clofentezine,>0.25,LC50,Apollo 50 SC,>100,1554_b,1554_b,1554_2,Lepomis macrochirus,Bluegill sunfish,96,Acaricide,,Acute,Suspension Concentrate,YES,NA,,
358,1554,Clofentezine,>0.00084,EC50,Apollo 50 SC,>100,1554_c,1554_c,1554_3,Daphnia magna,Water flea,48,Acaricide,,Acute,Suspension Concentrate,YES,NA,,
359,1554,Clofentezine,>252.6,LD50,Apollo 50 SC,>293.7,1554_d,1554_d,1554_4,Apis mellifera,Honeybee,,Acaricide,Oral,Acute,Suspension Concentrate,NO,YES,,
360,1554,Clofentezine,>84.5,LD50,Apollo 50 SC,>98.25,1554_e,1554_e,1554_5,Apis mellifera,Honeybee,,Acaricide,Contact,Acute,Suspension Concentrate,NO,YES,,
361,1562,Captan,>100,LD50,Merpan,>169.3,1562_a,1562_a,1562_1,Apis mellifera,Honeybee,,Fungicide,Oral,Acute,Water dispersible granule ,YES,NA,,
362,1562,Captan,>100,LD50,Merpan,>200,1562_b,1562_b,1562_2,Apis mellifera,Honeybee,,Fungicide,Contact,Acute,Water dispersible granule ,YES,NA,,
363,1562,Captan,>259.7,LC50,Melvin,419.5,1562_c,1562_c,1562_3,,Earthworm,336,Fungicide,,Acute,Wettable Powder,YES,NA,,
364,1559,Folpet,>2000,LD50,Folpan 80 WDG,>2000,1559_a,1559_a,1559_1,,Rat,,Fungicide,,Acute,Water dispersible granule ,UNSURE,,,
365,1559,Folpet,>236,LD50,Folpan 80 WDG,>179,1559_b,1559_b,1559_2,Apis mellifera,Honeybee,,Fungicide,Oral,Acute,Water dispersible granule ,YES,NA,,
366,1559,Folpet,>200,LD50,Folpan 80 WDG,>160,1559_c,1559_c,1559_3,Apis mellifera,Honeybee,,Fungicide,Contact,Acute,Water dispersible granule ,YES,NA,,
367,1559,Folpet,>500,LC50,Folpan 80 WDG,>414,1559_d,1559_d,1559_4,,Earthworm,336,Fungicide,,Acute,Water dispersible granule ,YES,NA,,
368,1555,Myclobutanil,2,LC50,Systhane 20 EW,2.04,1555_a,1555_a,1555_1,Oncorhynchus mykiss,Rainbow trout ,96,Fungicide,,Acute,Oil in water emulsion,YES,NA,,
369,1555,Myclobutanil,17,EC50,Systhane 20 EW,1.41,1555_b,1555_b,1555_2,Daphnia magna,Water flea,48,Fungicide,,Acute,Oil in water emulsion,YES,NA,,
370,1552,Carbofuran,0.0094,EC50,Furadan 5G,0.00205,1552_a,1552_a,1552_1,Daphnia magna,Water flea,48,Insecticide,,Acute,Granule,YES,NA,,
371,1563,Pyriproxyfen,150,EC50,Pyriproxyfen 10 EC,110,1563_a,1563_a,1563_1,Pseudokirchneriella subcapitata,,72,Insecticide,,Acute,Emusifiable Concentrate,YES,NA,,
372,1558,Spirodiclofen,>0.06,EC50,Envidor SC 240,>4.62,1558_a,1558_a,1558_1,Pseudokirchneriella subcapitata,,96,Insecticide,,Acute,Suspension Concentrate,UNSURE,,,
373,1558,Spirodiclofen,>0.0508,EC50,Envidor SC 240,>100,1558_b,1558_b,1558_2,Daphnia magna,Water flea,48,Insecticide,,Acute,Suspension Concentrate,UNSURE,,,
374,1558,Spirodiclofen,>196,LD50,Envidor SC 240,>100,1558_c,1558_c,1558_3,Apis mellifera,Honeybee,,Insecticide,Oral,Acute,Suspension Concentrate,YES,NA,,
375,1558,Spirodiclofen,>200,LD50,Envidor SC 240,>100,1558_d,1558_d,1558_4,Apis mellifera,Honeybee,,Insecticide,Contact,Acute,Suspension Concentrate,YES,NA,,
376,1558,Spirodiclofen,>1000,LC50,Envidor SC 240,>226,1558_e,1558_e,1558_5,,Earthworm,,Insecticide,,Acute,Suspension Concentrate,YES,NA,,
377,1564,Penoxsulam,>5000,LD50,penoxsulam DE-638,>100,1564_a,1564_a,1564_1,,Rat,,Herbicide,,Acute,Oil dispersion,NO,YES,,
378,1564,Penoxsulam,>2000,LD50,penoxsulam DE-638,>54,1564_b,1564_b,1564_2,Anas platyrhynchos,Mallard duck,,Herbicide,,Acute,Oil dispersion,YES,NA,,
379,1564,Penoxsulam,>100,LC50,penoxsulam DE-638,>2.7,1564_c,1564_c,1564_3,Oncorhynchus mykiss,Rainbow trout ,96,Herbicide,,Acute,Oil dispersion,YES,NA,,
380,1564,Penoxsulam,>100,EC50,penoxsulam DE-638,10.9,1564_d,1564_d,1564_4,Daphnia magna,Water flea,48,Herbicide,,Acute,Oil dispersion,YES,NA,,
381,1564,Penoxsulam,>100,LD50,penoxsulam DE-638,>3.2,1564_e,1564_e,1564_5,Apis mellifera,Honeybee,,Herbicide,Oral,Acute,Oil dispersion,NO,YES,,
382,1564,Penoxsulam,>100,LD50,penoxsulam DE-638,>2,1564_f,1564_f,1564_6,Apis mellifera,Honeybee,,Herbicide,Contact,Acute,Oil dispersion,NO,YES,,
383,1564,Penoxsulam,>1000,LC50,penoxsulam DE-638,>200,1564_g,1564_g,1564_7,,Earthworm,336,Herbicide,,Acute,Oil dispersion,NO,YES,,
384,1574,Oxadiazon,0.00423,EC50,RONSTAR,0.00714,1574_a,1574_a,1574_1,Scenedesmus subspicatus,,72,Herbicide,,Acute,Emusifiable Concentrate,YES,NA,,
385,1574,Oxadiazon,>110.5,LD50,RONSTAR,>51.5,1574_b,1574_b,1574_2,Apis mellifera,Honeybee,,Herbicide,Oral,Acute,Emusifiable Concentrate,UNSURE,,,
386,1574,Oxadiazon,>100,LD50,RONSTAR,>100,1574_c,1574_c,1574_3,Apis mellifera,Honeybee,,Herbicide,Contact,Acute,Emusifiable Concentrate,UNSURE,,,
387,1574,Oxadiazon,>500,LC50,RONSTAR,109,1574_d,1574_d,1574_4,Eisenia foetida,Earthworm,336,Herbicide,,Acute,Emusifiable Concentrate,YES,NA,,
388,1579,Flonicamid,>100,LC50,Teppeki,>51,1579_a,1579_a,1579_1,Oncorhynchus mykiss,Rainbow trout ,96,Insecticide,,Acute,Water dispersible granule ,YES,NA,,
389,1579,Flonicamid,>100,EC50,Teppeki,>51,1579_b,1579_b,1579_2,Daphnia magna,Water flea,48,Insecticide,,Acute,Water dispersible granule ,YES,NA,,
390,1579,Flonicamid,>100,EC50,Teppeki,>51,1579_c,1579_c,1579_3,Pseudokirchneriella subcapitata,,72,Insecticide,,Acute,Water dispersible granule ,YES,NA,,
391,1589,Bispyribac-sodium,>2250,LD50,Nominee 400 SC,>727,1589_a,1589_a,1589_1,,Quail,,Herbicide,,Acute,Suspension Concentrate,YES,NA,,
392,1589,Bispyribac-sodium,>95,LC50,Nominee 400 SC,>35.6,1589_b,1589_b,1589_2,Oncorhynchus mykiss,Rainbow trout ,96,Herbicide,,Acute,Suspension Concentrate,YES,NA,,
393,1589,Bispyribac-sodium,>95,EC50,Nominee 400 SC,>35.6,1589_c,1589_c,1589_3,Daphnia magna,Water flea,48,Herbicide,,Acute,Suspension Concentrate,YES,NA,,
394,1589,Bispyribac-sodium,2.08,EC50,Nominee 400 SC,3.82,1589_d,1589_d,1589_4,Pseudokirchneriella subcapitata,,72,Herbicide,,Acute,Suspension Concentrate,YES,NA,,
395,1589,Bispyribac-sodium,0.0127,EC50,Nominee 400 SC,0.0167,1589_e,1589_e,1589_5,Lemna gibba,,118,Herbicide,,Chronic,Suspension Concentrate,YES,NA,,
396,1589,Bispyribac-sodium,>140.67,LD50,Nominee 400 SC,>106.72,1589_f,1589_f,1589_6,Apis mellifera,Honeybee,48,Herbicide,,Acute,Suspension Concentrate,YES,NA,,
397,1589,Bispyribac-sodium,>200,LD50,Nominee 400 SC,>200,1589_g,1589_g,1589_7,Apis mellifera,Honeybee,48,Herbicide,,Acute,Suspension Concentrate,YES,NA,,
398,1589,Bispyribac-sodium,>957,LC50,Nominee 400 SC,>340,1589_h,1589_h,1589_8,,Earthworm,,Herbicide,,Acute,Suspension Concentrate,YES,NA,,
399,1591,6-benzyladenine,1584,LD50,Maxcel,>100,1591_a,1591_a,1591_1,,Rat,,Plant growth regulator,,Acute,Soluble Concentrate,NO,YES,,
400,1591,6-benzyladenine,17.75,EC50,Maxcel,0.32,1591_b,1591_b,1591_2,Daphnia magna,Water flea,48,Plant growth regulator,,Acute,Soluble Concentrate,YES,NA,,
401,1591,6-benzyladenine,45.1,EC50,Maxcel,0.19,1591_c,1591_c,1591_3,Pseudokirchneriella subcapitata,,72,Plant growth regulator,,Acute,Soluble Concentrate,YES,NA,,
402,1591,6-benzyladenine,0.31,EC50,Maxcel,0.57,1591_d,1591_d,1591_4,Lemna gibba,,118,Plant growth regulator,,Acute,Soluble Concentrate,YES,NA,,
403,1591,6-benzyladenine,>58.73,LD50,Maxcel,>7.3,1591_e,1591_e,1591_5,Apis mellifera,Honeybee,,Plant growth regulator,,Acute,Soluble Concentrate,YES,NA,,
404,1591,6-benzyladenine,>100,LD50,Maxcel,>7.3,1591_f,1591_f,1591_6,Apis mellifera,Honeybee,,Plant growth regulator,,Acute,Soluble Concentrate,YES,NA,,
405,1587,Diclofop-methyl,0.23,EC50,Illoxan 36 EC,0.16,1587_a,1587_a,1587_1,Daphnia magna,Water flea,48,Herbicide,,Acute,Emusifiable Concentrate,YES,NA,,
406,1587,Diclofop-methyl,0.451,EC50,Illoxan 36 EC,0.16,1587_b,1587_b,1587_2,Pseudokirchneriella subcapitata,,72,Herbicide,,Acute,Emusifiable Concentrate,YES,NA,,
407,1587,Diclofop-methyl,>131,LD50,Illoxan 36 EC,>167.2,1587_c,1587_c,1587_3,Apis mellifera,Honeybee,,Herbicide,Oral,Acute,Emusifiable Concentrate,YES,NA,,
408,1587,Diclofop-methyl,>100,LD50,Illoxan 36 EC,>100,1587_d,1587_d,1587_4,Apis mellifera,Honeybee,,Herbicide,Contact,Acute,Emusifiable Concentrate,YES,NA,,
409,1587,Diclofop-methyl,>1000,LC50,Illoxan 36 EC,265,1587_e,1587_e,1587_5,Eisenia foetida,Earthworm,336,Herbicide,,Acute,Emusifiable Concentrate,YES,NA,,
410,1588,Spiroxamine,565,LD50,Hoggar EC500,477,1588_a,1588_a,1588_1,Colinus virginianus,Bobwhite quail ,,Fungicide,,Acute,Emusifiable Concentrate,YES,NA,,
411,1588,Spiroxamine,0.012,EC50,Hoggar EC500,0.0143,1588_b,1588_b,1588_2,Desmodesmus subspicatus,,72,Fungicide,,Acute,Emusifiable Concentrate,YES,NA,,
412,1588,Spiroxamine,>100,LD50,Hoggar EC500,>6.25,1588_c,1588_c,1588_3,Apis mellifera,Honeybee,,Fungicide,Oral,Acute,Emusifiable Concentrate,NO,YES,,
413,1588,Spiroxamine,4.2,LD50,Hoggar EC500,15,1588_d,1588_d,1588_4,Apis mellifera,Honeybee,,Fungicide,Contact,Acute,Emusifiable Concentrate,NO,YES,,
414,1583,Clethodim,>100,EC50,Select 240,5.1,1583_a,1583_a,1583_1,Daphnia magna,Water flea,48,Herbicide,,Acute,Emusifiable Concentrate,YES,NA,,
415,1583,Clethodim,1.9,EC50,Select 240,69,1583_b,1583_b,1583_2,Lemna gibba,,118,Herbicide,,Acute,Emusifiable Concentrate,YES,NA,,
416,1595,Fenoxycarb,425,LC50,Insegar 25 WG,>128,1595_a,1595_a,1595_1,,Earthworm,336,Insecticide,,Acute,Water dispersible granule ,YES,NA,,
417,1584,Pencycuron,>0.3,LC50,Monceren,>0.3,1584_a,1584_a,1584_1,Oncorhynchus mykiss,Rainbow trout ,96,Fungicide,,Acute,Dry seed treatment,YES,NA,,
418,1584,Pencycuron,>0.3,EC50,Monceren,15.7,1584_b,1584_b,1584_2,Scenedesmus subspicatus,,72,Fungicide,,Acute,Dry seed treatment,YES,NA,,
419,1586,Metaldehyde,283,LD50,Helarion,250,1586_a,1586_a,1586_1,,Rat,,Molluscicide,,Acute,Ready-to-use bait ,YES,NA,,
420,1594,Flurochloridone,4.3,EC50,Racer,37,1594_a,1594_a,1594_1,Daphnia magna,Water flea,48,Herbicide,,Acute,Capsule Suspension,YES,NA,,
421,1594,Flurochloridone,227,LC50,Racer,90,1574_b,1574_b,1594_2,,Earthworm,336,Herbicide,,Acute,Capsule Suspension,YES,NA,,
422,1593,Carbetamide,>2000,LD50,FSG01002H,>1200,1593_a,1593_a,1593_1,,Rat,,Herbicide,,Acute,Water dispersible granule ,YES,NA,,
423,1593,Carbetamide,>100,LC50,FSG01002H,3.4,1593_b,1593_b,1593_2,Oncorhynchus mykiss,Rainbow trout ,96,Herbicide,,Acute,Water dispersible granule ,YES,NA,,
424,1593,Carbetamide,81,EC50,FSG01002H,>59.1,1593_c,1593_c,1593_3,Daphnia magna,Water flea,48,Herbicide,,Acute,Water dispersible granule ,YES,NA,,
425,1593,Carbetamide,212,EC50,FSG01002H,64.8,1593_d,1593_d,1593_4,Navicula pelliculosa,,72,Herbicide,,Acute,Water dispersible granule ,YES,NA,,
426,1593,Carbetamide,660,LC50,FSG01002H,>591,1593_e,1593_e,1593_5,Eisenia foetida,,336,Herbicide,,Acute,Water dispersible granule ,YES,NA,,
427,1597,Difenoconazole,>1453,LD50,DIVIDEND,>3000,1597_a,1597_b,1597_1,,Rat,,Fungicide,,Acute,Flowable concentrate,UNSURE,,,
428,1597,Difenoconazole,>1453,LD50,SCORE,>3000,1597_a,1597_c,1597_2,,Rat,,Fungicide,,Acute,Emusifiable Concentrate,UNSURE,,,
429,1597,Difenoconazole,0.77,EC50,DIVIDEND,0.43,1597_d,1597_e,1597_3,Daphnia magna,Water flea,48,Fungicide,,Acute,Flowable concentrate,YES,NA,,
430,1597,Difenoconazole,0.77,EC50,SCORE,1,1597_d,1597_f,1597_4,Daphnia magna,Water flea,48,Fungicide,,Acute,Emusifiable Concentrate,YES,NA,,
431,1597,Difenoconazole,0.032,EC50,SCORE,0.29,1597_g,1597_g,1597_5,Scenedesmus subspicatus,,72,Fungicide,,Acute,Emusifiable Concentrate,YES,NA,,
432,1597,Difenoconazole,>610,LC50,SCORE,40,1597_h,1597_h,1597_6,Eisenia foetida,Earthworm,336,Fungicide,,Acute,Emusifiable Concentrate,YES,NA,,
433,1596,Terbuthylazine,1236,LD50,Terbuthylazine 500g/l SC,>909,1596_a,1596_a,1596_1,Colinus virginianus,Bobwhite quail ,,Herbicide,,Acute,Suspension Concentrate,YES,NA,,
434,1596,Terbuthylazine,1295,LD50,Terbuthylazine 500g/l SC,>909,1596_b,1596_b,1596_2,,Rat,,Herbicide,,Acute,Suspension Concentrate,YES,NA,,
435,1596,Terbuthylazine,2.2,LC50,Terbuthylazine 500g/l SC,6.6,1596_c,1596_c,1596_3,Oncorhynchus mykiss,Rainbow trout ,96,Herbicide,,Acute,Suspension Concentrate,YES,NA,,
436,1596,Terbuthylazine,0.028,EC50,Terbuthylazine 500g/l SC,0.04,1596_d,1596_d,1596_4,Pseudokirchneriella subcapitata,,72,Herbicide,,Acute,Suspension Concentrate,YES,NA,,
437,1596,Terbuthylazine,>22.6,LD50,Terbuthylazine 500g/l SC,>68.75,1596_e,1596_e,1596_5,Apis mellifera,Honeybee,,Herbicide,Oral,Acute,Suspension Concentrate,NO,YES,,
438,1596,Terbuthylazine,>32,LD50,Terbuthylazine 500g/l SC,>50,1596_f,1596_f,1596_6,Apis mellifera,Honeybee,,Herbicide,Contact,Acute,Suspension Concentrate,NO,YES,,
439,1596,Terbuthylazine,>141.7,LC50,Terbuthylazine 500g/l SC,>500,1596_g,1596_g,1596_7,Eisenia foetida,Earthworm,336,Herbicide,,Acute,Suspension Concentrate,YES,NA,,
440,1600,1-naphthylacetic acid,933,LD50,Obsthormon 24A,>2000,1600_a,1600_a,1600_1,,Rat,,Plant growth regulator,,Acute,Suspension Concentrate,UNSURE,,,
441,1600,1-naphthylacetic acid,>56,LC50,Spollonante,37,1600_b,1600_b,1600_2,Oncorhynchus mykiss,Rainbow trout ,96,Plant growth regulator,,Acute,Granule,YES,NA,,
442,1600,1-naphthylacetic acid,>56,EC50,Spollonante,>100,1600_c,1600_c,1600_3,Daphnia magna,Water flea,48,Plant growth regulator,,Acute,Granule,YES,NA,,
443,1600,1-naphthylacetic acid,>100,EC50,Spollonante,>100,1600_d,1600_d,1600_4,Pseudokirchneriella subcapitata,,72,Plant growth regulator,,Acute,Granule,YES,NA,,
444,1601,2-(1-napthyl)acetamide,44,LC50,AmidThin,>8.2,1601_a,1601_a,1601_1,Oncorhynchus mykiss,Rainbow trout ,96,Plant growth regulator,,Acute,Wettable Powder,YES,NA,,
445,1601,2-(1-napthyl)acetamide,>56,EC50,AmidThin,>8.2,1601_b,1601_b,1601_2,Daphnia magna,Water flea,48,Plant growth regulator,,Acute,Wettable Powder,YES,NA,,
446,1601,2-(1-napthyl)acetamide,>100,EC50,AmidThin,>8.2,1601_c,1601_c,1601_3,Desmodesmus subspicatus,,72,Plant growth regulator,,Acute,Wettable Powder,YES,NA,,
447,1604,Propanil,960,LD50,Propanil 60 ,1500,1604_a,1604_a,1604_1,,Rat,,Herbicide,,Acute,Water dispersible granule ,YES,NA,,
448,1604,Propanil,621,LC50,Propanil 60 ,734,1604_b,1604_b,1604_2,Eisenia foetida,Earthworm,336,Herbicide,,Acute,Water dispersible granule ,YES,NA,,
449,1609,Prochloraz,662,LD50,BAS 590 05 F,>2000,1609_a,1609_a,1609_1,Colinus virginianus,Bobwhite quail ,,Fungicide,,Acute,UNSURE,UNSURE,,,
450,1609,Prochloraz,4.3,EC50,Sportak 45 EW,4.28,1609_b,1609_b,1609_2,Daphnia magna,Water flea,48,Fungicide,,Acute,Oil in water emulsion,NO,YES,,
451,1609,Prochloraz,0.0055,EC50,Sportak 45 EW,0.041,1609_c,1609_c,1609_3,Scenedesmus subspicatus,,72,Fungicide,,Acute,Oil in water emulsion,NO,YES,,
452,1609,Prochloraz,>101.06,LD50,Sportak 45 EW,27.4,1609_d,1609_f,1609_4,Apis mellifera,Honeybee,,Fungicide,Oral,Acute,Oil in water emulsion,YES,NA,,
453,1609,Prochloraz,>101.06,LD50,BAS 590 05 F,99.24,1609_d,1609_g,1609_5,Apis mellifera,Honeybee,,Fungicide,Oral,Acute,UNSURE,YES,NA,,
454,1609,Prochloraz,141.28,LD50,Sportak 45 EW,46.7,1609_e,1609_h,1609_6,Apis mellifera,Honeybee,,Fungicide,Contact,Acute,Oil in water emulsion,YES,NA,,
455,1609,Prochloraz,141.28,LD50,BAS 590 05 F,>100,1609_e,1609_i,1609_7,Apis mellifera,Honeybee,,Fungicide,Contact,Acute,UNSURE,YES,NA,,
456,1609,Prochloraz,>500,LC50,Sportak 45 EW,102.3,1609_j,1609_j,1609_8,Eisenia foetida,Earthworm,336,Fungicide,,Acute,Oil in water emulsion,NO,YES,,
457,1617,Gibberellins,100,LC50,Formulation GA4/GA7 10g/l SL,>1.2998,1617_a,1617_a,1617_1,Oncorhynchus mykiss,Rainbow trout ,96,Plant growth regulator,,Acute,Soluble Concentrate,YES,NA,,
458,1770,Oxamyl,0.38,LD50,Vydate 10G,0.26,1770_a,1770_a,1770_1,Apis mellifera,Honeybee,,Insecticide,Oral,Acute,Granule,YES,NA,,
459,1770,Oxamyl,0.47,LD50,Vydate 10G,0.23,1770_b,1770_b,1770_2,Apis mellifera,Honeybee,,Insecticide,Contact,Acute,Granule,YES,NA,,
460,1770,Oxamyl,112,LC50,Vydate 10G,>10,1770_c,1770_c,1770_3,,Earthworm,336,Insecticide,,Acute,Granule,NO,YES,,
461,1771,Fluoxastrobin,0.435,LC50,HEC 5725 EC 100,0.329,1771_a,1771_a,1771_1,Oncorhynchus mykiss,Rainbow trout ,96,Fungicide,,Acute,Emusifiable Concentrate,NO,YES,,
462,1771,Fluoxastrobin,0.48,EC50,HEC 5725 EC 100,0.5,1771_b,1771_b,1771_2,Daphnia magna,Water flea,48,Fungicide,,Acute,Emusifiable Concentrate,NO,YES,,
463,1771,Fluoxastrobin,0.35,EC50,HEC 5725 EC 100,0.48,1771_c,1771_c,1771_3,Pseudokirchneriella subcapitata,,72,Fungicide,,Acute,Emusifiable Concentrate,NO,YES,,
464,1771,Fluoxastrobin,>843,LD50,HEC 5725 EC 100,25.5,1771_d,1771_d,1771_4,Apis mellifera,Honeybee,48,Fungicide,Oral,Acute,Emusifiable Concentrate,YES,NA,,
465,1771,Fluoxastrobin,>200,LD50,HEC 5725 EC 100,29.7,1771_e,1771_e,1771_5,Apis mellifera,Honeybee,48,Fungicide,Contact,Acute,Emusifiable Concentrate,YES,NA,,
466,1779,Triclopyr-butoxyethyl ester,803,LD50,Garlon 4,842,1779_a,1779_a,1779_1,,Rat,,Herbicide,,Acute,Emusifiable Concentrate,YES,NA,,
467,1779,Triclopyr-butoxyethyl ester,735,LD50,Garlon 4,849,1779_b,1779_b,1779_2,Colinus virginianus,Bobwhite quail ,,Herbicide,,Acute,Emusifiable Concentrate,YES,NA,,
468,1779,Triclopyr-butoxyethyl ester,>100,LD50,Garlon 4,>100,1779_c,1779_c,1779_3,Apis mellifera,Honeybee,,Herbicide,Contact,Acute,Emusifiable Concentrate,YES,NA,,
469,1779,Triclopyr-butoxyethyl ester,>521,LC50,Garlon 4,555,1779_d,1779_d,1779_4,,Earthworm,,Herbicide,,Acute,Emusifiable Concentrate,YES,NA,,
470,1780,Dimethenamid,2.6,LC50,Frontier,2.54,1780_a,1780_a,1780_1,Oncorhynchus mykiss,Rainbow trout ,96,Herbicide,,Acute,Emusifiable Concentrate,UNSURE,,,
471,1780,Dimethenamid,1000,LD50,Frontier,126,1780_b,1780_d,1780_2,Apis mellifera,Honeybee,,Herbicide,Oral,Acute,Emusifiable Concentrate,YES,NA,,
472,1780,Dimethenamid,1000,LD50,SAN 582 H720 EC,50,1780_b,1780_e,1780_3,Apis mellifera,Honeybee,,Herbicide,Oral,Acute,Emusifiable Concentrate,YES,NA,,
473,1780,Dimethenamid,1000,LD50,SAN 582 H 540 EW,50,1780_b,1780_f,1780_4,Apis mellifera,Honeybee,,Herbicide,Oral,Acute,Emusifiable Concentrate,YES,NA,,
474,1780,Dimethenamid,94,LD50,Frontier,126,1780_c,1780_g,1780_5,Apis mellifera,Honeybee,,Herbicide,Contact,Acute,Emusifiable Concentrate,YES,NA,,
475,1780,Dimethenamid,94,LD50,SAN 582 H720 EC,50,1780_c,1780_h,1780_6,Apis mellifera,Honeybee,,Herbicide,Contact,Acute,Emusifiable Concentrate,YES,NA,,
476,1780,Dimethenamid,94,LD50,SAN 582 H 540 EW,50,1780_c,1780_i,1780_7,Apis mellifera,Honeybee,,Herbicide,Contact,Acute,Emusifiable Concentrate,YES,NA,,
477,1780,Dimethenamid,147.2,LC50,SAN 582 900 EC,495,1780_j,1780_j,1780_8,,Earthworm,,Herbicide,,Acute,Emusifiable Concentrate,YES,NA,,
478,1782,Cyprodinil,>2000,LD50,KAYAK 300 EC,>2000,1782_a,1782_b,1782_1,,Rat,,Fungicide,,Acute,Emusifiable Concentrate,UNSURE,,,
479,1782,Cyprodinil,>2000,LD50,UNIX 75 WG,>2000,1782_a,1782_c,1782_2,,Rat,,Fungicide,,Acute,Water dispersible granule ,UNSURE,,,
480,1782,Cyprodinil,2.41,LC50,KAYAK 300 EC,1.55,1782_d,1782_d,1782_3,Oncorhynchus mykiss,Rainbow trout ,96,Fungicide,,Acute,Emusifiable Concentrate,YES,NA,,
481,1782,Cyprodinil,5.2,EC50,KAYAK 300 EC,3.7,1782_e,1782_e,1782_4,Pseudokirchneriella subcapitata,,96,Fungicide,,Acute,Emusifiable Concentrate,YES,NA,,
482,1779,Clopyralid,>99.9,LC50,EF-255,53,1779_a,1779_a,1779_1,Oncorhynchus mykiss,Rainbow trout ,,Herbicide,,Acute,UNSURE,YES,NA,,
483,1779,Clopyralid,>99,EC50,EF-255,130,1779_b,1779_b,1779_2,Daphnia magna,Water flea,,Herbicide,,Acute,UNSURE,YES,NA,,
484,1779,Clopyralid,30,EC50,EF-255,77.4,1779_c,1779_c,1779_3,,Green alga,,Herbicide,,Acute,UNSURE,YES,NA,,
485,1785,Fenamiphos,444,LC50,NEMACUR CS 240,>119,1785_a,1785_a,1785_1,,Earthworm,,Nematicide,,Acute,Capsule Suspension,YES,NA,,
486,1786,Phosalone,0.63,LC50,Zolone 30 WP,1.06,1786_a,1786_a,1786_1,Oncorhynchus mykiss,Rainbow trout ,96,Insecticide,,Acute,Wettable Powder,YES,NA,,
487,1786,Phosalone,0.00074,EC50,Zolone 35 EC,0.000396,1786_b,1786_b,1786_2,Daphnia magna,Water flea,48,Insecticide,,Acute,Emusifiable Concentrate,YES,NA,,
488,1786,Phosalone,103,LD50,Zolone 30 WP,12.4,1786_c,1786_e,1786_3,Apis mellifera,Honeybee,,Insecticide,Oral,Acute,Wettable Powder,YES,NA,,
489,1786,Phosalone,103,LD50,Zolone 35 EC,2.6,1786_c,1786_f,1786_4,Apis mellifera,Honeybee,,Insecticide,Oral,Acute,Emusifiable Concentrate,YES,NA,,
490,1786,Phosalone,4.4,LD50,Zolone 30 WP,10.4,1786_d,1786_g,1786_5,Apis mellifera,Honeybee,,Insecticide,Contact,Acute,Wettable Powder,YES,NA,,
491,1786,Phosalone,4.4,LD50,Zolone 35 EC,4.5,1786_d,1786_h,1786_6,Apis mellifera,Honeybee,,Insecticide,Contact,Acute,Emusifiable Concentrate,YES,NA,,
492,1786,Chloridazon,2140,LD50,Pyramin,536,1788_a,1788_a,1788_1,,Rat,,Herbicide,,Acute,Wettable Powder,YES,NA,,
493,1786,Chloridazon,41.3,LC50,Pyramin,32.8,1788_b,1788_b,1788_2,Oncorhynchus mykiss,Rainbow trout ,96,Herbicide,,Acute,Water dispersible granule ,YES,NA,,
494,1786,Chloridazon,132,EC50,Pyramin,52,1788_c,1788_c,1788_3,Daphnia magna,Water flea,48,Herbicide,,Acute,Water dispersible granule ,YES,NA,,
495,1786,Chloridazon,0.6,EC50,Pyramin,0.65,1788_d,1788_d,1788_4,Pseudokirchneriella subcapitata,,72,Herbicide,,Acute,Water dispersible granule ,YES,NA,,
496,1786,Chloridazon,>200,LD50,Pyramin,>103.4,1788_e,1788_e,1788_5,Apis mellifera,Honeybee,,Herbicide,Oral,Acute,Water dispersible granule ,NO,YES,,
497,1786,Chloridazon,>200,LD50,Pyramin,>130,1788_f,1788_f,1788_6,Apis mellifera,Honeybee,,Herbicide,Contact,Acute,Water dispersible granule ,NO,YES,,
498,1786,Chloridazon,>1000,LC50,Pyramin,>650,1788_g,1788_g,1788_7,,Earthworm,336,Herbicide,,Acute,Water dispersible granule ,YES,NA,,
499,1790,Prothioconazole,>6200,LD50,Proline,>2500,1790_a,1790_b,1790_1,,Rat,,Fungicide,,Acute,Emusifiable Concentrate,YES,NA,,
500,1790,Prothioconazole,>6200,LD50,Redigo,>2500,1790_a,1790_c,1790_2,,Rat,,Fungicide,,Acute,Flowable concentrate,YES,NA,,
501,1790,Prothioconazole,1.83,LC50,Proline,1,1790_d,1790_d,1790_3,Oncorhynchus mykiss,Rainbow trout ,,Fungicide,,Acute,Emusifiable Concentrate,YES,NA,,
502,1790,Prothioconazole,6.91,LC50,Proline,3.72,1790_e,1790_e,1790_4,Cyrpinus carpio,,,Fungicide,,Acute,Emusifiable Concentrate,YES,NA,,
503,1790,Prothioconazole,1.3,EC50,Proline,0.71,1790_f,1790_f,1790_5,Daphnia magna,,,Fungicide,,Acute,Emusifiable Concentrate,YES,NA,,
504,1790,Prothioconazole,2.18,EC50,Proline,1.11,1790_g,1790_g,1790_6,Pseudokirchneriella subcapitata,,,Fungicide,,Sub-chronic,Emusifiable Concentrate,YES,NA,,
505,1790,Prothioconazole,>71,LD50,Proline,>48.7,1790_h,1790_h,1790_7,Apis mellifera,Honeybee,,Fungicide,Oral,Acute,Emusifiable Concentrate,YES,NA,,
506,1790,Prothioconazole,>200,LD50,Proline,>200,1790_i,1790_i,1790_8,Apis mellifera,Honeybee,,Fungicide,Contact,Acute,Emusifiable Concentrate,YES,NA,,
507,1790,Prothioconazole,>1000,LC50,Proline,>249.3,1790_j,1790_j,1790_9,Eisenia foetida,Earthworm,,Fungicide,,Acute,Emusifiable Concentrate,YES,NA,,
508,1800,Imidacloprid,0.0037,LD50,Unsure,0.0056,1800_a,1800_a,1800_1,Apis mellifera,Honeybee,,Insecticide,Oral,Acute,UNSURE,YES,NA,,
509,1800,Imidacloprid,0.081,LD50,Unsure,0.042,1800_b,1800_b,1800_2,Apis mellifera,Honeybee,,Insecticide,Contact,Acute,UNSURE,YES,NA,,
510,1800,Imidacloprid,10.7,LC50,Confidor ,21.8,1800_c,1800_c,1800_3,,Earthworm,,Insecticide,,Acute,Soluble Concentrate,YES,NA,,
